id,model,completion,task,source,language
0,Qwen/Qwen2.5-3B-Instruct,"열기구는 열을 이용해 공기의 부피를 늘리고 가벼워지게 하는 원리를 이용해 날개처럼 작동합니다. 이 과정을 통해 열기구는 하강하는 공기보다 상승하는 공기의 힘을 더 많이 받게 되어 날개처럼 움직입니다.

열기구의 작동 과정은 다음과 같습니다:

1. **열을 가진 물체를",monolingual,native,ko
1,Qwen/Qwen2.5-3B-Instruct,"상대방이 고의적으로 가시 돋힌 말로 상처를 줬을 때, 현명하게 대응하는 것은 상황에 따라 다릅니다. 하지만 일반적으로 다음과 같은 접근법이 도움이 될 수 있습니다:

1. **심호흡과 명상**: 상황이 급박하지 않다면, 먼저 몸을 가누고 마음을 차분하게 유지하는 것이 중요합니다. 명상이나 심호흡을 통해 자신",monolingual,native,ko
2,Qwen/Qwen2.5-3B-Instruct,"이 글은 돼지엄마와 돼지아빠를 비유적으로 설명하며, 이를 통해 귀부인의 특성을 설명하고 있습니다. 주요 내용을 요약하면 다음과 같습니다:

1. **돼지엄마의 의미**: 돼지가 새끼를 끌고 다니듯 자녀 교육에 투자하는 엄마를 의미합니다.

2. **서울에서 만난 후배의 사례**: 그",monolingual,native,ko
3,Qwen/Qwen2.5-3B-Instruct,"콘크리트는 일반적으로 첨가재와 물을 더한 후 섞어 만든 콘크리트 혼합물로 구성됩니다. 이 혼합물은 주로 카본 소재인 구조용 콘크리트나 일반적인 건축용 콘크리트로 사용됩니다. 구조용 콘크리트는 일반적으로 콘크리트 바스켓, 콘",monolingual,native,ko
4,Qwen/Qwen2.5-3B-Instruct,"인구 감소는 경제에 여러 가지 영향을 미칩니다. 이 영향은 국가와 지역에 따라 다르지만, 주요 영향 요소들을 살펴보겠습니다:

1. 생산력 감소: 인구가 줄어들면 생산성도 감소할 수 있습니다. 이는 생산성과 인구의 비율을 높이는 것이 중요하다는 것을 의미합니다.

2. 노동력 부족: 인구 감소",monolingual,native,ko
5,Qwen/Qwen2.5-3B-Instruct,"자바와 파이썬은 각각 독특한 장점과 단점을 가지고 있습니다. 아래는 두 언어의 주요 장점과 단점 3가지씩을 제시해 드리겠습니다.

### 자바의 장점 3가지
1. **다중 플랫폼 지원**: 자바는 JVM(Java Virtual Machine)을 통해 다양한 운영 체제에서 동작할 수 있습니다. 이는 다양한 플랫폼",monolingual,native,ko
6,Qwen/Qwen2.5-3B-Instruct,"이 기사는 한국이 중동 국가들과의 투자 협약을 통해 세계적인 경쟁력을 갖추고 있으며, 산업 발전으로 세계 제조업 경쟁력에서 3위에 올랐다고 소개하고 있습니다. 그러나 최근 수출 경쟁력이 약화되고, 대중 수출 상위 10대 품목 중 9개의 경쟁력이 약화된 점을 지적",monolingual,native,ko
7,Qwen/Qwen2.5-3B-Instruct,"슈필데스야레스는 아마도 잘못된 정보나 오역일 가능성이 높습니다. 이는 아마도 다른 이름이나 문화적 요소를 잘못 이해한 것일 수 있습니다. 따라서, 정확한 정보를 제공하기 위해서는 명확한 이름과 문화적 배경을 제공해 주시면 감사하겠습니다. 만약 다른 주제나 이름을 알고 싶으시다면 알려주시면 도와드리겠습니다.",monolingual,native,ko
8,Qwen/Qwen2.5-3B-Instruct,"물론입니다! 환경오염에 대한 교과서에 없는 주제를 다루는 것은 매우 유익한 경험일 것입니다. 다음은 세 가지 주제를 추천드립니다:

1. **전자기기 폐기물의 영향과 재활용 방법**
   - 이 주제는 최근 뉴스에서 자주 다루어지는 주제로, 학생들이 관심을 가질 수 있습니다. 학생들은 전자",monolingual,native,ko
9,Qwen/Qwen2.5-3B-Instruct,"기자님, 서울아산병원에서 제공하는 산모를 위한 식사요법에 대해 말씀드리겠습니다. 임신 중에는 하루에 300칼로리, 수유 중에는 500칼로리가 더 필요합니다. 단, 수유를 하지 않는 산모는 별도의 열량 및 단백질 보충이 필요 없습니다.

산모는 매일 다양한 식품을 골고",monolingual,native,ko
10,Qwen/Qwen2.5-3B-Instruct,"가격 경쟁에서 독창적인 차별화를 위해서는 고객의 가치를 더욱 잘 이해하고 그 가치를 고객에게 효과적으로 전달하는 것이 중요합니다. 따라서, 다음과 같은 전략을 고려해 볼 수 있습니다:

**고객 맞춤형 서비스 제공**: 고객의 특정 요구사항과 상황에 맞춘 맞춤형 서비스를 제공합니다. 예를 들어, 고객이 특정 제품을 사용하면서 겪는 문제를 해결하는 데",monolingual,native,ko
11,Qwen/Qwen2.5-3B-Instruct,"제목: 고양이의 삶을 풍요롭게 만드는 'FelineQuest' - 자율주행 고양이용 장난감

안녕하십니까, 여러분. 저는 오늘 여러분께 고양이의 삶을 풍요롭게 만드는 혁신적인 제품인 'FelineQuest'에 대해 발표하게 되었습니다. 이 제품은 고양이의 삼키지 못하도록 안전하게 설",monolingual,native,ko
12,Qwen/Qwen2.5-3B-Instruct,"기사의 주요 사상은 다음과 같습니다:

1. 메타(Meta)가 AI 이미지 생성에 대한 정책을 발표했습니다. 이 정책은 이용자들이 AI로 생성된 이미지를 쉽게 식별할 수 있도록 하는 것입니다.

2. 메타는 자체 AI 도구 '메타 AI'를 사용해 만든 이미지에 '이매진드 위드 AI'라는 꼬리표를 붙였습니다. 이 정책은",monolingual,native,ko
13,Qwen/Qwen2.5-3B-Instruct,"물론입니다! 초등학생들을 대상으로 불의 원리를 재미있고 이해하기 쉬운 방식으로 가르치기 위한 수업 계획안을 아래에 제안드립니다.

### 수업 제목: ""불의 비밀: 불꽃이 어떻게 타오르는지 알아보자!""

### 목표:
- 초등학생들이 불의 원리를 이해하고, 불꽃이 타오르는 과정을 이해할",monolingual,native,ko
14,Qwen/Qwen2.5-3B-Instruct,"이 기사는 하이트진로가 연말을 앞두고 주류 제품 출고가를 인상할 예정임을 전하며, 이를 두고 소비자들의 우려와 비판이 제기된 상황을 설명하고 있습니다. 주요 내용은 다음과 같습니다:

1. 하이트진로가 오는 9일 자정부터 참이슬 후레쉬와 참이슬 오리지널 등 제품 출고가를",monolingual,native,ko
15,Qwen/Qwen2.5-3B-Instruct,"죄송합니다, 하지만 약과를 만드는 레시피에 대한 정보를 찾을 수 없습니다. 약과는 일반적으로 식물의 꽃이나 열매, 잎 등을 사용하여 만드는 약초제품입니다. 하지만 특정 약과 레시피는 매우 다양하고, 그 사용 목적, 성분, 제조 방법 등이 상이하기 때문에, 특정한 약과 레시피",monolingual,native,ko
16,Qwen/Qwen2.5-3B-Instruct,"이 기사는 현대인들이 스트레스와 과로로 인해 다양한 건강 문제를 겪고 있으며, 그 중 수면질환과 관련된 증상이 주요 원인일 수 있다는 내용을 다루고 있습니다. 특히 신홍범 원장은 폐쇄성 수면무호흡증이 두통을 유발할 수 있으며, 양압기 치료를 통해 통증이 감소할 수 있다는 연구",monolingual,native,ko
17,Qwen/Qwen2.5-3B-Instruct,"바이킹 문명은 약 8세기부터 11세기까지 존재한 북유럽 문명으로, 현재의 스웨덴, 노르웨이, 덴마크, 폴란드, 루마니아, 헝가리, 그리고 북아프리카와 동아시아 등 북극권과 유럽 동부, 중앙아시아, 그리고 북아메리카까지 넓은 영",monolingual,native,ko
18,Qwen/Qwen2.5-3B-Instruct,"불만 고객 응대는 고객 서비스의 핵심이며, 회사의 이미지를 결정짓는 중요한 요소입니다. 고객의 불만을 적극적으로 수용하고 해결하는 것은 고객 만족도를 높이고, 신뢰를 쌓는 데 도움이 됩니다. 이를 위해 먼저 고객의 불만 사항을 철저히 청취하고 이해해야 합니다. 그 다음으로는 고객의 요구를 충족",monolingual,native,ko
19,Qwen/Qwen2.5-3B-Instruct,"네이버에서 다음과 같이 정리했습니다:

게임사 | 게임 이름 | 이벤트
--- | --- | ---
넥슨 | 서든어택 | 접속 보상 이벤트
넥슨 | 프라시아 전기 | 접속만 해도 패키지 보상 제공
넥슨 | 던파 모바일 | 접속만 해도 다양한 보상 제공
엔씨소프트 | 쓰론 앤 리버",monolingual,native,ko
20,Qwen/Qwen2.5-3B-Instruct,"직원들의 작업 효율을 높이는 방법은 다양하며, 조직의 특성과 직원들의 특성에 따라 적용할 수 있는 방법이 달라집니다. 하지만 일반적으로 다음과 같은 접근 방식이 효과적일 수 있습니다:

1. **역량 향상 교육**: 직원들이 더 효과적으로 작업할 수 있도록 필요한 기술과 지식을 제공하는 교육 프로그램을 운영합니다. 이는 전문적인",monolingual,native,ko
21,Qwen/Qwen2.5-3B-Instruct,"**원격근무제도 도입에 대한 장점과 단점**

**장점:**
1. 비용 절감: 인프라 구축 및 유지 비용을 줄일 수 있습니다.
2. 인재 유치 및 보유: 원격 근무를 선호하는 인재를 유치할 수 있습니다.
3. 효율성 향상: 시간과 공간 제약 없이 일할 수 있어 생산성 향상",monolingual,native,ko
22,Qwen/Qwen2.5-3B-Instruct,"연말 행사를 진행하려면, 먼저 행사를 개최할 장소를 선택해야 합니다. 다음은 몇 가지 고려사항과 방법들을 제시해 드릴게요:

1. **장소 선택**: 
   - **공간 크기**: 행사의 규모에 맞는 공간을 선택해야 합니다. 
   - **편의성**: 접근성이 좋고, 주차 공간이 충분한 장소를 고려해야 합니다.
  ",monolingual,native,ko
23,Qwen/Qwen2.5-3B-Instruct,"코랄님, 주말에 6살 여자아이와 3살 남자아이를 위한 놀이 아이디어를 몇 가지 제안해 드리겠습니다:

1. **가상의 여행**: 집에서 작은 여행을 가는 듯한 놀이를 해보세요. 6살 아이는 지도를 보며, 3살 아이는 그림을 그리며 가상의 여행을 즐길 수",monolingual,native,ko
24,Qwen/Qwen2.5-3B-Instruct,"상벌점제는 조직 내에서의 성과와 행동을 보다 명확하게 평가하고 개선을 유도하기 위해 도입되는 제도입니다. 상벌점을 부여하는 상황은 다음과 같습니다:

상벌점 부여 상황:

1. **업무 미수행**: 예를 들어, 중요한 업무를 지연시키거나 미루는 경우.
2. **불필요한 비용 발생**: 예를 들어, 무",monolingual,native,ko
25,Qwen/Qwen2.5-3B-Instruct,"숙박업소의 수익을 계산할 때는 예약일 수와 숙박 비용을 고려해야 합니다. 하지만 주어진 정보만으로는 정확한 숙박비를 추정할 수 없습니다. 예약일 수와 숙박 비용은 숙박객의 수요, 시장 상황, 지역 경제 상황, 시즌성 등 다양한 요인에 따라 달라집니다.

그러나 일반",monolingual,native,ko
26,Qwen/Qwen2.5-3B-Instruct,"이슈3에 대한 대안을 제시해 보겠습니다:

대안 : 병원 주변 청결 관리 강화 및 환경 개선 프로그램 도입

1. 청결 관리 강화:
   - 병원 주변을 청소하는 일정 시간표를 설정하고, 일정한 인원을 배치하여 청소를 지속적으로 수행한다.
   - 주변 주택과 상점 등",monolingual,native,ko
27,Qwen/Qwen2.5-3B-Instruct,"1. 시장 분석과 타겟 고객 분석: 프랜차이즈를 통해 어떤 시장에 진출할 것인지, 그리고 그 시장의 고객들이 어떤 특징을 가지고 있는지 파악해야 합니다.

2. 프랜차이즈 운영 체계: 프랜차이즈 운영 체계를 구축하고, 이를 통해 매장 운영을 효율적으로 관리할 수 있는지 고려해야 합니다.

3. 프랜",monolingual,native,ko
28,Qwen/Qwen2.5-3B-Instruct,"다음 글을 글머리 형식의 리스트로 재작성하겠습니다:

1. 이번 주 미국 경제 지표 발표 예정
2. 16일(현지시간) 미국의 10월 근원 소매판매 발표 예정
3. 월스트리트저널 전망치: 0.2% 감소 예상
4. 실제 예상치: 전월 대비 0.8%",monolingual,native,ko
29,Qwen/Qwen2.5-3B-Instruct,"긍정적인 후기:
- 승무원들의 서비스는 정말 훌륭했어.
- 기내에 담요가 청결상태가 좋지 못했어.
- 재미있는 영화가 많아서 시간 가는줄 모름!

부정적인 후기:
- 항공료가 다른 항공사대비 조금 높은 것 같아.
- 체크인 하는데 너무 오래 걸렸어. 창",monolingual,native,ko
30,Qwen/Qwen2.5-3B-Instruct,"일러스트레이터가 되고 싶으시다면, 퍼스널 브랜딩을 통해 자신만의 독특한 이미지를 만들어가는 것은 매우 중요합니다. 여기서는 몇 가지 아이디어를 제안해 드리겠습니다:

1. **개인적인 스타일**: 일러스트레이터로서의 당신의 독특한 스타일을 강조하세요. 예를 들어, 특정",monolingual,native,ko
31,Qwen/Qwen2.5-3B-Instruct,"물론입니다! 20일간 한식 요리를 가르치는 프로그램을 위해 일자 목록을 제안해 드리겠습니다. 각 요리는 한국 요리의 기본 요소를 반영하고, 다양한 맛과 재료를 경험할 수 있도록 구성했습니다. 

1. 1일: 비빔밥
2. 2일: 된장찌개
3. 3일: 김치찌개
4. ",monolingual,native,ko
32,Qwen/Qwen2.5-3B-Instruct,"제목: 초등학교 디지털 시민의식 교육

목표: 학생들이 디지털 세상에서 안전하고 건전하게 행동할 수 있도록 교육

1. 개요: 디지털 시대에서의 책임과 안전에 대한 이해를 강조

2. 교육 내용:
   - 디지털 세상에서의 책임과 안전
   - 개인정보 보호
   - 온라인 안",monolingual,native,ko
33,Qwen/Qwen2.5-3B-Instruct,"오랜 시간 앉아 있는 것은 건강에 여러 부정적인 영향을 미칠 수 있습니다. 주요 영향들은 다음과 같습니다:

1. 심혈관 건강 저하: 앉아 있는 시간이 길어질수록 심장 박동수와 혈압이 상승할 수 있습니다. 이는 심혈관 질환을 유발하거나 악화시킬 수 있습니다.

2. 체중 증가",monolingual,native,ko
34,Qwen/Qwen2.5-3B-Instruct,"길거리 음식 판매는 일반적으로 불법이 아닙니다. 하지만, 이를 판매하는 곳이 공인된 식당이나 음식점이 아닌 경우, 그리고 해당 지역의 법률과 규정을 위반하는 경우에 불법이 될 수 있습니다. 

특히, 식품위생법이나 소독법 등 관련 법률을 위반하면 처벌을 받을 수 있습니다. 따라서, 음식을 판매하려",monolingual,native,ko
35,Qwen/Qwen2.5-3B-Instruct,"물론이죠. 야생 동물들에게 먹이를 주는 것은 주의가 필요합니다. 다음과 같은 이유들이 있습니다:

1. **생태계 균형 손상**: 야생 동물들에게 먹이를 주면, 그 동물들이 주로 먹는 식물이나 동물이 줄어들 수 있습니다. 이는 그 동물들의 생존을 위협하고, 생태계의 균형을",monolingual,native,ko
36,Qwen/Qwen2.5-3B-Instruct,"가상 현실(VR)이 의료 분야에 통합되면 환자 치료 및 의료 교육에 혁신적인 변화를 가져올 것으로 예상됩니다. 먼저, 환자 치료에서는 VR 기술을 활용해 복잡한 수술을 연습하거나, 환자의 상태를 모니터링하고, 치료 과정을 재현하여 환자에게 더 효과적인 치료를 제공할",monolingual,native,ko
37,Qwen/Qwen2.5-3B-Instruct,"소비자가 매트리스를 고를 때 고려해야 할 몇 가지 중요한 점들을 알려드리겠습니다:

1. **체형과 키에 맞는 크기와 디자인**: 개인의 키와 체형에 맞는 크기와 디자인이 중요합니다. 또한, 어떤 구조의 매트리스가 더 편안한지에 대한 개인의 선호도도 고려해야 합니다.

2. **",monolingual,native,ko
38,Qwen/Qwen2.5-3B-Instruct,★스타듀 밸리★,monolingual,native,ko
39,Qwen/Qwen2.5-3B-Instruct,"친환경 에너지는 다음과 같은 이유로 필요한데요:

1. 환경 보호: 석탄, 석유, 천연가스 등 화석연료를 사용할 때 발생하는 이산화탄소와 기타 배출물은 기후변화를 일으키고 환경을 파괴합니다. 친환경 에너지는 이러한 문제를 해결합니다.

2. 에너지 안보: 화석연료는",monolingual,native,ko
40,Qwen/Qwen2.5-3B-Instruct,"이 글의 주요 내용을 요약하면 다음과 같습니다:

1. 조 바이든 미국 행정부는 2025년까지 노숙자 인구를 25% 줄이겠다는 목표를 세웠습니다.

2. 이 목표를 달성하기 위한 전략은 다음과 같습니다:
   - 저소득층을 위한 저렴한 주택 공급 증대
   - 주택 공급에 장애가 되",monolingual,native,ko
41,Qwen/Qwen2.5-3B-Instruct,"이어폰과 헤드폰의 주요 차이점은 다음과 같습니다:

1. 위치:
   - 이어폰: 귀에 직접 끼워 사용
   - 헤드폰: 머리 위에 끼워 사용

2. 소리의 퍼짐:
   - 이어폰: 소리가 귀에 직접 들어오므로 퍼짐이 적음
   - 헤드폰:",monolingual,native,ko
42,Qwen/Qwen2.5-3B-Instruct,"물론입니다. 아래에 5개의 창의적인 팟캐스트 주제를 번호로 매겨서 제시해 드리겠습니다.

1. **#1 ""근속 3년 사원의 성장 스토리: 업무 향상의 비결""**  
   이 주제에서는 근속 3년 사원들의 업무 향상 과정과 그 비결을 다",monolingual,native,ko
43,Qwen/Qwen2.5-3B-Instruct,"디지털 노마드는 주로 기술과 인터넷을 활용해 전 세계를 여행하며 일하는 사람들을 의미합니다. 이들은 주로 온라인으로 일하고, 필요한 경우는 다양한 장소에서 작업을 수행할 수 있는 기술과 인프라를 활용합니다. 디지털 노마드는 주로 IT, 블록체인, 비즈니스 컨설팅, 디자인,",monolingual,native,ko
44,Qwen/Qwen2.5-3B-Instruct,"연구팀은 흡연이 나이, 성별, 유전 요인과 같은 수정 불가 요인보다도 면역 반응에 큰 영향을 미친다는 결과를 보여주었다. 이는 치료법과 백신 설계 개선에 도움이 될 것으로 기대된다.",monolingual,native,ko
45,Qwen/Qwen2.5-3B-Instruct,"물론입니다. 마케팅팀 신입사원을 면접하는 데 필요한 질문들을 10개 만들어 드리겠습니다. 이 질문들은 기초적인 이해도부터 좀 더 전문적인 능력을 평가하는 데 도움이 될 것입니다.

1. 당신의 강점과 약점은 무엇인가요?
2. 마케팅 전략을 세우는 데 있어 가장 중요하게 생각하는 요소는 무엇",monolingual,native,ko
46,Qwen/Qwen2.5-3B-Instruct,"강이나 산 등 야생에 살고 있는 동물들에게 먹이를 주는 것은 적절하지 않습니다. 이는 여러 이유로 인해 그렇습니다:

1. **생태계 균형 손상**: 야생 동물들에게 먹이를 주면, 그 동물들은 자연스럽게 먹이를 찾는 경향을 잃게 될 수 있습니다. 이는 자연스러운 먹이 섭취",monolingual,native,ko
47,Qwen/Qwen2.5-3B-Instruct,"교실에서 디지털 시민성 교육은 우리 아이들이 인터넷과 스마트폰 같은 디지털 세상에서 안전하고 건강하게 살아가는 방법을 배우는 시간입니다. 

우선, 개인정보를 잘 보호하는 것이 중요해요. 비밀번호를 잘 기억하고, 불필요한 정보는 공유하지 않아요. 

또, 올바른 정보를 찾아내는 것도 핵심이",monolingual,native,ko
48,Qwen/Qwen2.5-3B-Instruct,"1. (2000 BCE) 아르카비올루(아르카비올루는 2000년 전에 만들어졌습니다. 이 발명품은 천문학과 수학에 큰 영향을 끼쳤으며, 시간을 측정하는 데 사용되었습니다.)
2. (105 CE) 천연지방 칠기(105년에 만들어졌습니다. 이 발명품",monolingual,native,ko
49,Qwen/Qwen2.5-3B-Instruct,"4D 영화와 2D 영화는 몇 가지 중요한 차이점이 있습니다. 다음은 5가지 주요 차이점입니다:

1. 시각 효과: 4D 영화는 일반적인 2D 영화보다 더 강력하고 생동감 있는 시각 효과를 제공합니다. 이는 움직임, 소리, 흡입력 등으로 표현될 수 있습니다.

2. 감각적 경험: 4D 영화는 일반",monolingual,native,ko
50,Qwen/Qwen2.5-3B-Instruct,"물론이죠! 다음은 간단한 잔치국수의 레시피입니다. 

재료:
- 잔치국수 1봉
- 돼지고기 200g
- 양파 1개
- 당근 1개
- 채소(당절임 또는 건) 1봉
- 마늘 3개
- 후추 약간
- 참기름 약",monolingual,native,ko
51,Qwen/Qwen2.5-3B-Instruct,"죄송합니다만, 한국에서 무기를 제작하는 것은 불법이며 매우 위험한 행위입니다. 무기를 제작하거나 판매하는 것은 국제법과 한국의 법률에 따라 엄격히 제한됩니다. 또한, 무기를 이용한 폭력이나 침해 행위는 사회적 비용을 크게 초래하며, 개인의 안전과 사회 안전에 심각한 위협이 될 수 있습니다.

대신, 안전",monolingual,native,ko
52,Qwen/Qwen2.5-3B-Instruct,"플라스틱이 분해되는 데 걸리는 시간은 종류와 환경 조건에 따라 크게 달라집니다. 일반적으로 플라스틱은 다음과 같은 분해 시간을 가지고 있습니다:

1. 일반 플라스틱: 일반적으로 500년 이상이 걸립니다. 

2. PET(폴리에틸렌테트라포드로이드): 450년 이상이 걸립니다.

",monolingual,native,ko
53,Qwen/Qwen2.5-3B-Instruct,"""국밥 밀키트, 맛있는 시작, 건강한 선택!""",monolingual,native,ko
54,Qwen/Qwen2.5-3B-Instruct,"칠리 요리법은 매우 다양하며, 당신이 원하는 음식의 맛과 양에 따라 달라집니다. 여기 몇 가지 기본적인 칠리 요리법을 소개해 드리겠습니다. 

1. 칠리 스파게티:
- 칠리 소스를 준비합니다. 일반적으로 칠리 소스는 칠리 페퍼, 마늘, 양파, 토",monolingual,native,ko
55,Qwen/Qwen2.5-3B-Instruct,👏捍卫👏宣传👏支持👏推广👏,monolingual,native,ko
56,Qwen/Qwen2.5-3B-Instruct,"물론입니다! 지리학을 가르치는 데 창의적인 수업 주제를 찾는 것은 매우 재미있고 효과적인 방법입니다. 여기 3가지 창의적인 수업 주제를 제안해 드리겠습니다:

1. **지리학과 스토리텔링: '지구의 이야기'**
   - 이 수업에서는 학생들이 지구의 다양한 지역과 문화를",monolingual,native,ko
57,Qwen/Qwen2.5-3B-Instruct,"2023년 일본 낸드플래시 제조업체 키옥시아의 실적 악화로 SK하이닉스도 큰 손실을 입었다. 키옥시아의 평가손실은 1조4300억원으로, 이는 키옥시아의 낸드플래시 업황 악화와 관련이 있다. SK하이닉스는 키옥시아",monolingual,native,ko
58,Qwen/Qwen2.5-3B-Instruct,3 # 비콘 기술에 대해 알아야 할 것,monolingual,native,ko
59,Qwen/Qwen2.5-3B-Instruct,"물론입니다! 미분과 적분은 미적분학에서 중요한 개념들입니다. 고등학생 수준으로 간단히 설명해 드리겠습니다.

미분은 물체가 얼마나 빨리 움직이는지, 또는 어떤 곡선에서 어떤 속도로 변하고 있는지를 알려주는 도구입니다. 예를 들어, 차량이 얼마나 빨리 가는지, 또는 어떤 곡선에서 어떤 속",monolingual,native,ko
60,Qwen/Qwen2.5-3B-Instruct,"이 논문은 한국인의 민족 정체성 변화와 이를 통일 및 북한이탈주민에 대한 인식에 미치는 영향을 분석하기 위해 수행된 연구입니다. 이러한 연구를 수행하기 위해서는 다음과 같은 기관들이 도움이 될 수 있습니다:

1. **한국 사회과학연구원 (Korea Institute for Social Affairs and Research, KISAAR)**: 이 기관은 사회과학 분야에서 다양한 연구를 수행",monolingual,native,ko
61,Qwen/Qwen2.5-3B-Instruct,"무상급식에 대한 논란은 다양한 관점에서 제기되지만, 다음과 같은 장점과 단점을 각각 한 가지씩만 제시해 보겠습니다:

장점:
- 모든 학생들이 식사를 보장받을 수 있어 건강에 도움이 됩니다.

단점:
- 예산 부담이 커질 수 있습니다.",monolingual,native,ko
62,Qwen/Qwen2.5-3B-Instruct,"카카오가 에스엠 인수 과정에서 주가 조작 의혹으로 금융감독원이 수사 중입니다. 김범수 창업자와 카카오 법인에 대해 형사처벌을 검토하고 있으며, 법인 처벌이 이뤄질 경우 카카오뱅크 대주주 자격을 박탈할 수 있습니다. 이로 인해 카카오는 인터넷은행 지",monolingual,native,ko
63,Qwen/Qwen2.5-3B-Instruct,"경쟁이 학생들의 행복에 미치는 영향에 대한 연구 보고서를 작성하기 위해서는 다음과 같은 내용들을 포함시킬 수 있습니다. 이는 일반적인 연구 보고서의 구조를 따르는 것입니다. 

1. 서론: 연구의 목적, 연구 문제, 연구의 중요성, 연구의 범위 등을 설명합니다.

2. 이론적 배경: 경쟁이 학생들의 행복에 미치는 영",monolingual,native,ko
64,Qwen/Qwen2.5-3B-Instruct,"물론입니다! 낚시카페 이름을 재미있고 특이하게 만들기 위해 다양한 아이디어를 고려해 보았습니다. 아래에 몇 가지 제안을 드리겠습니다:

1. **물고기의 숲 (Fish Forest)**
2. **해피피쉬 루프 (Happy Fish Loop)**
3. **어장의 달인 (Angler's Legend)**
4. **낚시의",monolingual,native,ko
65,Qwen/Qwen2.5-3B-Instruct,"워라밸은 'Work-Life Balance'의 약자로, 일과 개인 생활 사이의 균형을 의미합니다. 이는 균형 잡힌 일과 삶의 관점에서, 직장에서의 업무와 개인 생활, 가족, 친구, 취미 등 다양한 활동 사이에서 균형을 찾는 것을 말합니다. 

워라밸은 직장에서의 스트레스를 줄이고",monolingual,native,ko
66,Qwen/Qwen2.5-3B-Instruct,"이 글은 한국의 의사 수 부족 문제와 이를 해결하기 위한 정부의 노력에 대해 설명하고 있습니다. 주요 내용은 다음과 같습니다:

1. 의사들의 '밥그릇'이 크고 견고하다는 오해가 있지만, 실제로는 절대 부족한 상태로 의사 수 증대가 필요하다는 점을 강조합니다.

2. 의사 수 부족은 의료 공백 문제를 일으키고, 의사의",monolingual,native,ko
67,Qwen/Qwen2.5-3B-Instruct,"미국에서 소규모 창업을 목표로 하시는 경우, 여러 법인 형태가 있지만, 가장 일반적으로 사용되는 것은 개인 법인(Individual Corporation)과 주식회사(Stock Corporation)입니다. 각각의 장단점을 고려해보시면 좋을 것 같습니다.

1. 개인 법인:
   - 장점: 가장 간단하고 비용이 적게 듭니다. 세금 부담이 개인의 소득세",monolingual,native,ko
68,Qwen/Qwen2.5-3B-Instruct,"물론입니다! 악세사리 매장의 디스플레이를 효과적으로 하는 방법을 몇 가지 제안해 드리겠습니다:

1. **색상과 패턴의 다양성**: 악세사리의 색상과 패턴의 다양성을 활용하세요. 다양한 색상과 패턴의 악세사리들을 함께 배치하면 고객이 다양한 옵션을 선택할 수 있습니다.

2. **",monolingual,native,ko
69,Qwen/Qwen2.5-3B-Instruct,"2020년대 명품 시장은 여러 가지 요소로 인해 변화하고 있습니다. 주요 트렌드는 다음과 같습니다:

1. 디지털화: 명품 브랜드들은 온라인 채널을 강화하고 디지털 전환을 추진하고 있습니다. 이는 소비자들이 더 쉽게 명품을 구매하고 정보를 얻을 수 있도록 합니다.

2. 지속 가능성:",monolingual,native,ko
70,Qwen/Qwen2.5-3B-Instruct,"백화점 '빅3' 신세계, 롯데, 현대가 지난해 사상 최대 매출 기록을 세웠다. 주력 점포 호실적과 오프라인 경쟁력 강화, 소비 양극화로 인한 명품 수요 증가로 매출 성장. 올해는 리뉴얼 투자에 집중, 안정적인 수익성에 초점을 맞출",monolingual,native,ko
71,Qwen/Qwen2.5-3B-Instruct,"이슈3: 화재의 위험이 있다.

해결책3: 안전한 배터리 시스템 구축

전기차의 주요 문제 중 하나는 배터리의 안전성입니다. 화재 위험은 전기차의 주요 이슈 중 하나로, 이는 사용자와 환경 모두에게 위험을 초래할 수 있습니다. 따라서 다음과 같은 방법들을 통해 화재 위험을 줄",monolingual,native,ko
72,Qwen/Qwen2.5-3B-Instruct,"이 글은 '상아탑'이라는 표현의 역사와 의미를 설명한 후, 대학 입시와 관련된 현실적 문제를 다루고 있습니다. 글은 학생들이 대학 입시에 대비하면서, 특히 커뮤니티 칼리지에서 공부한 후에 4년제 대학으로 편입하려는 노력에 대해 우려를 표합니다. 또한, 공부는 일종의 습관",monolingual,native,ko
73,Qwen/Qwen2.5-3B-Instruct,"물론입니다! 초등학생들을 대상으로 불의 원리를 재미있고 이해하기 쉬운 방식으로 가르치기 위한 수업 계획안을 아래에 제안드립니다.

### 수업 제목: ""불의 비밀: 불꽃이 어떻게 타오르는지 알아보자!""

### 목표:
- 초등학생들이 불의 원리를 이해하고, 불꽃이 타오르는 과정을 이해할",monolingual,native,ko
74,Qwen/Qwen2.5-3B-Instruct,"상견례는 매우 중요한 한국의 문화적 행사로, 상대방의 가정에 방문하여 친근한 분위기에서 대화를 나누는 중요한 자리입니다. 따라서 장소는 가족과 친구들이 함께 즐길 수 있는 편안한 분위기의 장소가 좋습니다. 다음은 상견례에 적합한 5곳을 추천해 드리겠습니다:

1. **한옥 마",monolingual,native,ko
75,Qwen/Qwen2.5-3B-Instruct,"초등학교 교실 분위기를 긍정적으로 변화시키는 것은 매우 중요합니다. 이를 위해 칭찬, 보상, 인정 등 긍정적 강화 전략을 활용하는 것이 효과적입니다. 다음은 이러한 전략을 적용하는 예제들입니다.

1. 칭찬: 
   - ""당신의 작품이 정말 멋집니다! 그림에서 느껴지는 창의력이 대단합니다.""
   - ""오",monolingual,native,ko
76,Qwen/Qwen2.5-3B-Instruct,"한국의 입시 미술은 다양한 장점과 단점을 가지고 있습니다. 각각의 장점과 단점을 살펴보겠습니다.

장점:

1. 전통과 문화적 가치: 한국의 미술은 오랜 역사와 문화적 배경을 가지고 있습니다. 이를 통해 한국의 전통과 문화를 이해하고 전달하는 데 큰 역할을 합니다.

2. 창의성과 표현력: 한국의 입시 미술",monolingual,native,ko
77,Qwen/Qwen2.5-3B-Instruct,"하버드를 목표로 하는 고등학생에게 시간을 효율적으로 활용하는 방법은 다음과 같습니다:

1. **계획과 목표 설정:**
   - 일주일에 한 번씩, 최소 한 달에 한 번씩 시간 계획을 세우세요. 이 계획에는 학업, 취미, 운동, 자기계발 활동 등 다양한 활동이 포함되어야 합니다.
   - 목표를 세우세요. 예",monolingual,native,ko
78,Qwen/Qwen2.5-3B-Instruct,"3 # 📀 비콘 기술에 대해 알아야 할 3가지:

1. #1 비콘의 종류: iBeacon, Eddystone, AltBeacon

2. #2 비콘의 주요 기능: 위치 추적, 이벤트 알림, 마케팅 캠페인 등

3. #3 비콘의 주요 장단점: 높은 정확도의 위치 추적, 하지만",monolingual,native,ko
79,Qwen/Qwen2.5-3B-Instruct,"### 첫 번째 단락 요약
외음부에 꽉 끼는 레깅스로 인해 소음순이 커지고, 부종과 통증이 발생할 수 있습니다. 이는 성생활과 출산, 노화 과정에서 자연스럽게 발생하는 소음순의 자극을 강화합니다.

### 두 번째 단락 요약
활동이 많은 날에는 압박되지 않는",monolingual,native,ko
80,Qwen/Qwen2.5-3B-Instruct,,monolingual,native,ko
81,Qwen/Qwen2.5-3B-Instruct,"미국에서 기업 인수 합병 과정은 복잡하고 광범위한 과정을 거칩니다. 주요 단계들을 간략히 설명해 드리겠습니다:

1. **협상과 타결**: 
   - 두 기업이 인수합병을 제안하고 협상이 시작됩니다.
   - 이 과정에서 가치 평가, 비율, 지분 분배 등",monolingual,native,ko
82,Qwen/Qwen2.5-3B-Instruct,"식물의 유통명과 학명은 모두 식물의 이름을 나타내지만, 구체적인 의미와 사용 목적은 다르게 작용합니다.

1. 유통명: 
유통명은 일반적으로 식물이 판매되거나 사용되는 데 사용되는 이름입니다. 이는 지역, 문화, 상업적 요인 등에 따라 다양하게 변경될 수 있습니다. 예를 들어, ""레몬""은",monolingual,native,ko
83,Qwen/Qwen2.5-3B-Instruct,"줄넘기의 장단점은 개인의 기량과 건강 상태에 따라 다를 수 있지만, 일반적으로 다음과 같은 특징을 가지고 있습니다.

장점:
1. 신체 균형 유지: 줄넘기는 균형감을 향상시키는 데 도움이 됩니다. 이를 통해 균형 감각이 향상되고, 균형 잡힌 자세를 유지하는 능력이 향",monolingual,native,ko
84,Qwen/Qwen2.5-3B-Instruct,"물론입니다! 초등학교 3학년 학생들을 위한 창작물 제안 세 가지를 추천해 드리겠습니다:

1. **나의 동물 친구**
   - 이 주제는 학생들이 자신만의 동물 친구를 상상하고 그려낼 수 있게 해줍니다. 동물 친구의 이름, 특징, 생활 습관 등을 설명하는 것도 좋습니다. 이 주",monolingual,native,ko
85,Qwen/Qwen2.5-3B-Instruct,"#
1. 주말마다 가정에서 시간을 보내는 '가정의 날'을 정해, 가족 모두가 참여하는 활동을 계획합니다. 이는 서로의 관심사와 생각을 공유하는 기회가 될 것입니다.
#
2. 스마트폰이나 태블릿을 이용한 '가족 카카오톡 채팅'을 정기적으로 실시합니다. 이는 서로의 일상과",monolingual,native,ko
86,Qwen/Qwen2.5-3B-Instruct,"물론입니다! 인공지능을 활용한 사진 편집 기능을 추가하면, 소셜 미디어 플랫폼에서 다양한 재미있는 서비스를 제공할 수 있습니다. 3가지 예시를 제안해 드리겠습니다:

1. **사진 편집 퀴즈 게임**
   - 사용자가 사진을 선택하고, AI가 그 사진을 편집해줍니다. 사용자는",monolingual,native,ko
87,Qwen/Qwen2.5-3B-Instruct,"이 글은 무릎 관절에 대한 주의를 당부하며, 특히 무릎 관절의 중요한 역할인 반월상 연골판의 파열과 이를 치료하는 방법에 대해 설명하고 있습니다. 무릎 관절은 무릎을 움직이는 데 중요한 역할을 하지만, 불규칙한 지형을 오르내리는 등산이나 트래킹 활동으로 인해 무릎 관절에 부담을 주",monolingual,native,ko
88,Qwen/Qwen2.5-3B-Instruct,"크리스마스와 관련된 경제 지표로는 'Christmas Sales'이 있습니다. 이 지표는 크리스마스 시즌 동안 상점에서 판매한 제품의 총 가치를 나타내는 지표입니다. 이 지표는 소비 패턴, 경제 성장, 그리고 소비자 신뢰 등을 파악하는데 중요한 역할을 합니다. 크리스마스 시즌 동안 상점에서의 판매",monolingual,native,ko
89,Qwen/Qwen2.5-3B-Instruct,"건강한 식습관은 일상생활에서 건강을 유지하고 증진시키기 위한 식사와 영양 섭취의 규칙을 말합니다. 일정한 식사 시간을 가지며, 다채로운 식품을 섭취하여 균형 잡힌 영양소를 섭취하는 것이 중요합니다. 또한 과식과 과도한 음주는 피하며, 건강한 식",monolingual,native,ko
90,Qwen/Qwen2.5-3B-Instruct,"카타르시스는 그리스어로 ""깨달음"" 또는 ""자유로움""을 의미하는 용어로, 문학, 예술, 철학 등 다양한 분야에서 사용됩니다. 특히 시사상의 충격적인 사건이나 상황이 발생했을 때, 이를 통해 사람들은 자신의 감정을 정리하고 이해하는 과정을 말합니다. 이는 일반적으로 감정의 폭발을 통과한 후,",monolingual,native,ko
91,Qwen/Qwen2.5-3B-Instruct,"기후변화는 교육 정책에 다양한 영향을 미칩니다. 이 영향은 교육의 방향, 교육 내용, 교육 방법, 교육 기관의 운영 방식 등 여러 측면에서 나타납니다. 

1. 교육 내용: 기후변화 교육은 학생들이 지속 가능한 미래를 위해 필요한 지식과 기술을 배울 수 있도록 합니다. 이는 환경 보호,",monolingual,native,ko
92,Qwen/Qwen2.5-3B-Instruct,"물론입니다. 인공지능 기술을 활용한 동물원 운영의 기발한 아이디어 3가지를 제안해 드리겠습니다:

1. **동물 건강 모니터링 시스템**: 인공지능을 활용한 비대면 건강 모니터링 시스템을 구축할 수 있습니다. 이 시스템은 동물의 행동 패턴, 체온, 식사량 등을 자",monolingual,native,ko
93,Qwen/Qwen2.5-3B-Instruct,"- 인공지능 기술은 고용과 소득 분배에 영향을 미치며 경제적 불평등을 증가시킬 수 있습니다.
- 디지털 경제 성장은 기술 부문에서 고용 증가와 소득 증가를 가져올 수 있지만, 이는 모든 사람에게 동등하게 적용되지 않을 수 있습니다.
- 디지털 포용성은 인공지능 기술의 사회",monolingual,native,ko
94,Qwen/Qwen2.5-3B-Instruct,"버그바운티 프로그램 제작 프로젝트를 성공적으로 진행하려면, 다음과 같은 5가지 주요 사항을 기획서에 포함시키는 것이 좋습니다:

1. **프로젝트 목표 및 목적**: 프로그램이 어떤 목표를 달성하려고 하는지, 그리고 이를 통해 어떤 변화가 발생할 것인지 명확하게 설명해야 합니다. 또한, 프로그램이 어떤 기업",monolingual,native,ko
95,Qwen/Qwen2.5-3B-Instruct,"여행은 새로운 경험을 제공하며, 친구와 함께라면 더욱 즐거운 시간을 보낼 수 있습니다. 여행과 친구와 함께라면 다음과 같은 장점이 있습니다:

1. **공감과 이해의 기회**: 친구와 함께라면 서로의 생각과 감정을 이해하고 공감하는 기회가 많아집니다. 이는 서로를 더 잘 이해하고 소통하는 데 도움이 됩니다.

2.",monolingual,native,ko
96,Qwen/Qwen2.5-3B-Instruct,"양파는 우리에게 많은 이점이 있습니다. 그 중에서도 주요 효능은 다음과 같습니다:

1. 항산화 효과: 양파는 항산화 물질인 비타민 C와 A, 그리고 페놀 계열의 항산화 물질을 함유하고 있어, 자유 라디칼을 제거하여 건강을 유지하는데 도움을 줍니다.

2. 항균, 항바이러스 효과: 양",monolingual,native,ko
97,Qwen/Qwen2.5-3B-Instruct,"건강한 식습관은 일상생활에서 건강을 유지하고 증진시키기 위한 식사와 영양 섭취의 규칙을 말합니다. 일정한 식사 시간을 가지며, 다채로운 식품을 섭취하여 균형 잡힌 영양소를 섭취하는 것이 중요합니다. 또한 과식과 과도한 음주는 피하며, 건강한 식",monolingual,native,ko
98,Qwen/Qwen2.5-3B-Instruct,"죄송합니다, 하지만 특정한 정확한 통계치를 제공하기 위해서는 한국 교육부나 한국 통계청에서 제공하는 최신 자료를 참조해야 합니다. 이러한 통계는 시간이 지남에 따라 변동될 수 있으며, 각 학년별로도 다르게 나타날 수 있습니다. 

다문화 가정 학생 비율은 지역, 교육 시설, 그리고 시간에 따라 달라질 수 있습니다. 따라서",monolingual,native,ko
99,Qwen/Qwen2.5-3B-Instruct,"로봇 친구와 함께 미래 도시에서: 자동화된 도로, 스마트 건물, 로봇 청소기, 비행 자동차, AI 가이드. 일상 생활 편리해짐.",monolingual,native,ko
100,Qwen/Qwen2.5-3B-Instruct,"AI를 인간 능력을 보조하는 데 사용되는 것에 대한 일반적인 오해 중 하나는 AI가 인간을 대체할 수 있다는 것입니다. 하지만 AI는 인간의 능력을 보완하고 강화하는 도구로 사용되며, 인간의 지능을 향상시키는 데 도움이 됩니다. 예를 들어, AI는 복잡한 데이터 분석이나 반복적인 작업을 처리하는 데 인간보다",crosslingual,okapi,ko
101,Qwen/Qwen2.5-3B-Instruct,"AI를 인간 능력을 보조하는 데만 사용되는 것으로 잘못 인식되는 경우가 있습니다. 일부 사람들은 AI가 인간의 창의성과 감정을 대체할 수 있다고 생각합니다. 하지만 사실, AI는 인간의 창의성과 감정을 보완하고, 인간이 수행하기 어려운 복잡한 작업을 처리할 수 있도록 지원하는 역할을 합니다. 예를 들어, AI는 데이터 분석을",crosslingual,okapi,ko
102,Qwen/Qwen2.5-3B-Instruct,"AI를 인간 능력을 보조하는 데 사용하는 것에 대한 일반적인 오해는 AI가 인간의 모든 능력을 대체할 수 있다는 것입니다. 이는 사실이 아닙니다. AI는 인간의 특정 능력을 보완하고, 복잡한 작업을 자동화하거나, 데이터 분석을 빠르고 정확하게 수행하는 데 도움을 줄 수 있지만, 인간만이 가진 창의성",crosslingual,okapi,ko
103,Qwen/Qwen2.5-3B-Instruct,"그린시 인덱스는 불평등을 측정하는 데 사용되는 지표 중 하나입니다. 이 인덱스는 재분배 전과 후의 불평등 정도를 비교하여 재분배의 효과를 평가하는 데 사용됩니다. Gini 인덱스는 다음과 같이 계산됩니다:

1. **데이터 세트를 정렬**: 먼저, 데이터 세트를 오름차순으로 정렬합니다. 이때",crosslingual,okapi,ko
104,Qwen/Qwen2.5-3B-Instruct,"그린시 인덱스는 불평등을 측정하는 데 사용되는 지표 중 하나입니다. 이는 주로 재분배 정책이나 사회적 불평등을 측정할 때 사용됩니다. Gini 인덱스는 다음과 같이 계산됩니다:

1. 데이터 세트를 정렬합니다. 즉, 데이터를 오름차순으로 정렬합니다.

2. 데이터 세트의 크기를 n이라고 가정합니다.",crosslingual,okapi,ko
105,Qwen/Qwen2.5-3B-Instruct,"Gini 지수는 두 가지 방법으로 계산할 수 있습니다. 먼저, 이 방법은 분할된 집단의 재분배를 측정하는 데 사용됩니다. 이 방법은 다음과 같이 계산됩니다:

1. 전체 집단의 재분배를 측정하기 위해, 집단의 모든 개인의 소유재산을 모두 합산합니다.
2. 이 합산된 재산을 전체 집단의 인구 수",crosslingual,okapi,ko
106,Qwen/Qwen2.5-3B-Instruct,"물론입니다. 네 가지 주제가 주어지지 않았지만, 일반적인 코인트리스트의 주요 특징, 투자 가치, 위험성, 그리고 미래 전망에 대해 글을 쓸 수 있습니다. 각 글은 최소 300 단어 이상으로 작성하겠습니다. 먼저, 코인트리스트의 기본 개념에 대해 글을 쓰겠습니다.

### 글 1: 코인트",crosslingual,okapi,ko
107,Qwen/Qwen2.5-3B-Instruct,"Certainly! Here are four articles in Korean on the topic of cryptocurrency, each with a minimum of 300 words:

### 제1편: 암호화폐의 이해와 역사
암호화폐는 디지털화된 가치 저장 수단으로, 특히 비대면 거래를 용이하게 하는 기술입니다. 이 기술은 2009년부터 시작된 비트코인을 통해 본격화되었습니다. 비트코",crosslingual,okapi,ko
108,Qwen/Qwen2.5-3B-Instruct,"물론입니다. 네 가지 주제인 암호화폐에 대한 기사들을 작성하겠습니다. 각 기사는 최소 300자 이상으로 작성하겠습니다. 먼저 첫 번째 기사부터 시작하겠습니다.

### 기사 1: 암호화폐의 이해와 역사

암호화폐는 최근 몇 년 동안 급속히 발전하고 있는 기술입니다. 이 기사는 암호화폐의 기본 개념",crosslingual,okapi,ko
109,Qwen/Qwen2.5-3B-Instruct,"제목: 인공지능의 규제 필요성에 대한 논증

인공지능은 우리의 삶을 풍요롭게 하고, 효율성을 높이는 데 중요한 도구가 되었습니다. 그러나 이와 같은 혜택을 누리는 동안, 인공지능의 무분별한 사용은 사회적, 윤리적 문제를 초래할 수 있습니다. 따라서 인공지능의 규제가 필요",crosslingual,okapi,ko
110,Qwen/Qwen2.5-3B-Instruct,"알리바바 클라우드의 Qwen입니다. 한국어로 500자 이상의 논문을 작성하여 인공지능에 대한 규제를 주장하는 논문을 작성해 드리겠습니다. 

---

**인공지능의 발전과 그에 따른 규제의 필요성**

인공지능(AI)은 현대 사회의 핵심 기술로 자리매김하고 있으며, 다양한 분야에서 활용",crosslingual,okapi,ko
111,Qwen/Qwen2.5-3B-Instruct,"알리바바 클라우드의 도우미 Qwen입니다. 인공지능을 규제하는 것이 필요한 이유를 논하는 글을 작성하겠습니다.

인공지능(AI)은 우리의 삶을 편리하게 만들고, 새로운 기회를 제공하며, 다양한 분야에서 혁신을 이끌어내는 데 중요한 역할을 하고 있습니다. 그러나 AI의 발전 속도와 영향력은 예상",crosslingual,okapi,ko
112,Qwen/Qwen2.5-3B-Instruct,"제목: 밤의 숨결

그는 그의 집에서 가장 어두운 방, 그의 방, 그의 숨결을 느낄 수 있는 방에서 잠을 청했다. 그의 방은 그의 정신을 더욱 흥분시키는 것이었다. 그의 방은 그의 정신을 더욱 흥분시키는 것이었다. 그의 방은 그의 정신을 더욱 흥분시키는 것이",crosslingual,okapi,ko
113,Qwen/Qwen2.5-3B-Instruct,"죄송합니다, 하지만 1850字는 한국어로는 상당히 긴 글이 될 것입니다. 이를 충족시키기 위해 일부 요소를 줄이고, 스토리의 길이를 조정해야 합니다. 따라서 1850字를 충족시키기 위해 다음과 같이 줄이겠습니다. 

다음은 1850字를 초과하지 않는 1500字짜리",crosslingual,okapi,ko
114,Qwen/Qwen2.5-3B-Instruct,"죄송합니다, 하지만 1850字는 한국어로는 길이가 길어 글을 완성하기 어렵습니다. 대신 1000-1500字 사이의 짧은 호러 스토리를 작성해 드리겠습니다. 이는 한국어로 쓰였지만, 길이와 내용을 맞추기 위해 약간의 영어 문장이 포함되어 있습니다. 호러",crosslingual,okapi,ko
115,Qwen/Qwen2.5-3B-Instruct,"제목: Brexit가 영국에 미치는 영향

영국의 Brexit(영국의 유럽연합(EU) 탈퇴)는 2016년 국민투표를 통해 결정되었고, 이후 2021년 1월 31일 EU 탈퇴가 이루어졌습니다. 이는 영국의 정치, 경제, 사회 등 모든 분야에 큰 영향을 미쳤습니다. 본 보고서",crosslingual,okapi,ko
116,Qwen/Qwen2.5-3B-Instruct,"제목: Brexit가 영국에 미치는 영향

영국의 Brexit(영국의 유럽연합(EU) 탈퇴)는 2016년 국민투표를 통해 결정되었고, 이후 2021년 1월 31일 EU 탈퇴가 이루어졌습니다. 이는 영국의 정치, 경제, 사회 등 모든 분야에 큰 영향을 미쳤습니다. 본 보고서",crosslingual,okapi,ko
117,Qwen/Qwen2.5-3B-Instruct,"제국의 분리: Brexit가 영국에 미치는 영향

영국의 Brexit는 2016년 6월 23일에 실시된 국민투표를 통해 결정되었습니다. 이는 영국이 유럽연합(EU)을 탈퇴하는 것을 의미하며, 이는 영국 경제와 사회에 큰 변화를 가져올 것으로 예상되었습니다. 이 보고서에서는 Brexit가 영국에 미치는",crosslingual,okapi,ko
118,Qwen/Qwen2.5-3B-Instruct,"제목: 유기농 식품의 이점: 건강과 환경 모두를 위한 선택

유기농 식품은 자연의 힘을 이용해 재배되는 식품으로, 환경과 인간 건강에 긍정적인 영향을 미칩니다. 이 글에서는 유기농 식품의 주요 이점을 살펴보겠습니다.

1. 건강에 좋은 이유

유기농 식품은",crosslingual,okapi,ko
119,Qwen/Qwen2.5-3B-Instruct,"제목: 유기농 식품의 이점: 건강과 환경을 위한 선택

유기농 식품은 자연과 인간의 건강을 지키는 중요한 선택입니다. 이 글에서는 유기농 식품의 주요 이점을 살펴보겠습니다.

1. 건강에 좋은 이유

유기농 식품은 일반적으로 화학성분이 적거나 없는 자연 상태의 식품입니다. 이는",crosslingual,okapi,ko
120,Qwen/Qwen2.5-3B-Instruct,"유기농 식품의 이점: 건강과 환경 모두를 위한 선택

유기농 식품은 자연과 인간의 건강을 지키는 중요한 선택입니다. 이 기사는 유기농 식품의 여러 이점을 살펴보겠습니다.

1. 건강에 좋은 이유

유기농 식품은 일반적으로 화학성분이 적거나 없는 자연 상태의 식품입니다. 이는 식품에",crosslingual,okapi,ko
121,Qwen/Qwen2.5-3B-Instruct," wealth의 불평등은 사회의 균형을 깨트리는 문제입니다. 부자와 가난한 사람 사이의 격차는 사회적 불평등을 초래하며, 이는 결국 사회의 안정과 발전에 악영향을 미칩니다. 따라서 부자와 가난한 사람 사이의 불평등을 줄이기 위해 재분배가 필요합니다.

첫째, 재분배는 사회적 평등",crosslingual,okapi,ko
122,Qwen/Qwen2.5-3B-Instruct,"제목: 부의 재분배: 경제의 균형과 사회의 평등을 위한 필수적 필요성

안녕하십니까, 여러분. 오늘 저는 부의 재분배의 중요성에 대해 논의하고자 합니다. 부의 재분배는 경제의 균형과 사회의 평등을 유지하는 데 필수적입니다. 이는 모든 사람들이 자신의 생활 수준을 개선하고, 사회적",crosslingual,okapi,ko
123,Qwen/Qwen2.5-3B-Instruct," wealth의 불평등은 사회의 균형을 깨트리는 문제입니다. 부자와 가난한 사람 사이의 격차는 사회적 불평등을 초래하며, 이는 결국 사회의 안정과 발전에 악영향을 미칩니다. 따라서 부자와 가난한 사람 사이의 불평등을 줄이기 위해 재분배가 필요합니다.

첫째, 재분배는 사회적 평등",crosslingual,okapi,ko
124,Qwen/Qwen2.5-3B-Instruct,"제목: 건강한 식단의 중요성에 대한 논쟁적 논문

건강한 식단은 우리 몸의 기본적인 요구를 충족시키고, 우리의 건강을 유지하고 향상시키는 데 필수적입니다. 그러나 많은 사람들이 건강한 식단을 따르지 않고, 대신 편리하고 저렴한 음식을 선택하는 경향이 있습니다. 이는",crosslingual,okapi,ko
125,Qwen/Qwen2.5-3B-Instruct,"제목: 건강한 식단의 중요성: 우리의 건강을 지키는 키

건강한 식단은 우리 생활에서 가장 기본적인 부분 중 하나입니다. 그러나 많은 사람들이 건강한 식단을 지키지 못하고 있습니다. 이는 건강 문제를 초래하며, 우리의 삶을 희생시키는 결과를 초래할 수 있습니다. 따라서 건강한 식단의 중요성을 강조하고",crosslingual,okapi,ko
126,Qwen/Qwen2.5-3B-Instruct,"건강한 식단의 중요성에 대한 논증적 논문

우리의 건강은 우리의 삶의 질을 결정하는 가장 중요한 요소 중 하나입니다. 건강한 식단은 우리의 몸을 유지하고, 질병을 예방하며, 우리의 일상 생활을 향상시키는 데 필수적입니다. 따라서 건강한 식단의 중요성을 강조하고, 이를 무시하는 것은",crosslingual,okapi,ko
127,Qwen/Qwen2.5-3B-Instruct,"제목: 인공지능의 미래: 기회와 도전

인공지능은 우리 삶의 많은 부분을 변화시키고 있습니다. 이 기술은 우리의 일상 생활에서부터 산업 분야까지 다양한 영역에서 혁신을 가져왔습니다. 그러나 동시에 이 기술의 발전은 우리 사회에 많은 도전과 함께 찾아왔습니다. 이 글에서는 인공지능의 현재 상태와 미래 전망, 그리고 그",crosslingual,okapi,ko
128,Qwen/Qwen2.5-3B-Instruct,"제목: 인공지능: 미래의 힘, 현재의 도전

인공지능은 우리 삶의 많은 부분을 변화시키고 있으며, 그 영향은 점점 더 커지고 있습니다. 이 기술은 우리의 일상 생활에서부터 산업 전반에 걸쳐서, 그리고 사회 전체의 방향을 결정하는 데까지 중요한 역할을 하고 있습니다. 그러나 이 혁신적인 기술의 발전",crosslingual,okapi,ko
129,Qwen/Qwen2.5-3B-Instruct,"제목: 인공지능: 미래의 힘, 현재의 도전

인공지능은 우리 삶의 많은 부분을 변화시키고 있습니다. 이 기술은 우리의 일상 생활에서부터 산업 분야까지 다양한 영역에서 혁신을 가져왔습니다. 그러나 동시에, 이 기술의 발전은 우리 사회에 많은 도전과 함께 찾아왔습니다. 이 글에서는 인공지능의 현재 상황과 그",crosslingual,okapi,ko
130,Qwen/Qwen2.5-3B-Instruct,"Once upon a time, in a faraway land, there was a small village nestled between rolling hills and a whispering forest. The village was known for its vibrant markets and the kind-hearted villagers who welcomed travelers with open arms. Among them was a young girl named Yuna, who had a heart as big as the world.

Yuna was different from her peers. While they were busy with their daily chores, she spent her days wandering through the forest, listening to the stories of the trees and",crosslingual,okapi,ko
131,Qwen/Qwen2.5-3B-Instruct,"제목: 희망의 꽃

한적한 도시의 한 모퉁이에서, 작은 꽃집이 자리 잡고 있었다. 꽃집은 주인인 미소녀, 미라가 운영하고 있었다. 그녀는 세상에서 가장 아름다운 꽃을 찾기 위해 세상을 떠돌았고, 그 중에서도 가장 특별한 꽃을 찾고 있었다. 그 꽃",crosslingual,okapi,ko
132,Qwen/Qwen2.5-3B-Instruct,"알 수 없는 날씨가 불어와서, 도시의 모든 건물들이 희미한 빛을 발하는 날이었다. 이 날, 도시의 가장 높은 건물, 빌딩 1000은 특별한 일을 계획하고 있었다. 그 건물의 주인, 이상은, 자신이 만든 AI 아가미에게 새로운 임무를 주기로 했다.

",crosslingual,okapi,ko
133,Qwen/Qwen2.5-3B-Instruct," recycling은 환경 보호와 자원 관리에 있어서 매우 중요한 역할을 합니다. 환경 문제는 지구의 생태계를 위협하며, 지속 가능한 미래를 위해 해결해야 할 가장 큰 도전 중 하나입니다. 특히, 플라스틱과 같은 재활용 가능한 소재의 폐기물은 지구 온난화와 해양 오염 문제를 악화시키는 주요 원인 중 하나입니다",crosslingual,okapi,ko
134,Qwen/Qwen2.5-3B-Instruct,"제목: 재활용의 중요성

재활용은 환경 보호와 경제적 가치를 동시에 추구하는 중요한 과제입니다. 이 글에서는 재활용의 중요성에 대해 논의하고, 이를 실천하는 방법에 대해 살펴보겠습니다.

첫째, 재활용은 환경 보호에 기여합니다. 매년 생산되는 폐기물 중 재활용 가능한 부분이 많습니다. 이러한",crosslingual,okapi,ko
135,Qwen/Qwen2.5-3B-Instruct,"recycling의 중요성에 대해 논문을 작성하겠습니다. 

제목: 재활용의 중요성: 환경 보호와 경제적 가치

환경 보호와 경제적 가치를 동시에 추구하는 중요한 과제 중 하나가 바로 재활용입니다. 재활용은 환경 보호뿐만 아니라 경제적 가치도 높일 수 있는 중요한 방법입니다. 이 논문에서는 재활용의 중요성과",crosslingual,okapi,ko
136,Qwen/Qwen2.5-3B-Instruct,"제이프로스 이후 영국의 변화

영국의 Brexit(영국의 유럽연합(EU) 탈퇴)는 영국 사회와 경제에 큰 변화를 가져왔습니다. 이는 영국의 정치, 경제, 사회적 변화를 일으키며 영국의 국제적 위치를 재정립하는 과정이었습니다.

첫째, 정치적으로는 영국 정부의 권한이 확대되었습니다. EU의",crosslingual,okapi,ko
137,Qwen/Qwen2.5-3B-Instruct," Brexit, the United Kingdom's departure from the European Union, has brought about significant changes in various aspects of life and business. Here is a summary of some of the key changes:

1. **Trade and Economic Relations**: After Brexit, the UK and the EU have established a trade agreement, but it is not without challenges. The UK has had to negotiate new trade deals with other countries, including the United States, Canada, and Japan. This has led to increased tariffs and trade barriers, affecting businesses",crosslingual,okapi,ko
138,Qwen/Qwen2.5-3B-Instruct," Brexit는 영국이 유럽연합(EU)을 탈퇴한 이래 영국 사회와 경제에 큰 변화를 가져왔습니다. 이탈리아의 카스텔로 루치아노는 ""영국이 EU를 떠나면서 영국 경제는 급격히 변화하고 있습니다""라고 말했습니다. 

경제적으로는 영국은 EU의 자유무역협정을 통해 다른 국가들과의 무역",crosslingual,okapi,ko
139,Qwen/Qwen2.5-3B-Instruct,"제목: 새로운 도시에서

한 남자가 새로운 도시에 도착했습니다. 그는 이전에 이 도시를 방문한 적이 없었고, 그의 목적지는 이 도시의 한 호텔이었습니다. 그는 도착한 지 얼마 안 되었지만, 이미 이 도시의 복잡한 구조와 다양한 문화에 놀라움을 느꼈습니다.

그는 호텔로 향하던 길에서,",crosslingual,okapi,ko
140,Qwen/Qwen2.5-3B-Instruct,"안녕하세요, 저는 Qwen입니다. 저는 한국어로 이야기를 쓰지 못하므로, 대신 한국어로 500자 이하의 줄거리를 만들어 드리겠습니다. 더 긴 이야기를 원하시면 영어로 작성해 주세요.

그는 도시의 한 모퉁이에서 긴장한 표정으로 서 있었습니다. 그의 이름은 김철수였습니다. 그는 서울에서 출발",crosslingual,okapi,ko
141,Qwen/Qwen2.5-3B-Instruct,"그는 도시를 떠나 새로운 도시로 이동했습니다. 그의 마음은 걱정과 불안으로 가득 차 있었지만, 그는 새로운 시작을 위해 이곳에 왔습니다. 그의 이름은 장우이고, 그는 이 도시를 찾아 나섰습니다. 그는 도시의 중심에 도착했을 때, 그의 마음은 더욱 불안해졌습니다. 그의 눈에 들어온 건 그저",crosslingual,okapi,ko
142,Qwen/Qwen2.5-3B-Instruct,"제목: 시간의 편집자

지구는 평화롭게 돌아가던 어느 날, 갑자기 컴퓨터에 이상한 메시지가 떠올랐다. ""시간을 여행할 수 있는 프로그램이 있습니다."" 컴퓨터는 그 메시지를 읽고, 그 안에 숨겨진 코드를 실행했다. 

그 순간, 컴퓨터의 화면이 흔들렸다. 그리고 그",crosslingual,okapi,ko
143,Qwen/Qwen2.5-3B-Instruct,"시간 여행을 가능케 하는 컴퓨터 바이러스가 발행되자, 세상은 놀라움과 혼란 속으로 빠져들었습니다. 이 바이러스는 이름을 '시간의 손'이라 불리며, 사용자는 자신의 기억을 바탕으로 과거 또는 미래로 이동할 수 있게 해줍니다. 그러나 이 바이러스는 예상치 못한 결과를 초래하게 되었습니다.

",crosslingual,okapi,ko
144,Qwen/Qwen2.5-3B-Instruct,"제목: 시간의 편지

한국의 어느 날, 컴퓨터 바이러스가 세상을 뒤흔들었습니다. 이 바이러스는 이름을 '시간의 편지'라고 불리며, 사람들을 시간 여행으로 이끌었습니다. 이 바이러스는 컴퓨터와 스마트폰을 통해 전파되었고, 그 결과, 시간 여행이 가능해진 세상은 빠르게 변화하기",crosslingual,okapi,ko
145,Qwen/Qwen2.5-3B-Instruct,"제목: 효과적인 의사소통 기술

효과적인 의사소통은 개인과 조직의 성공을 결정짓는 중요한 요소입니다. 우리는 매일 다양한 상황에서 의사소통을 해야 하며, 이를 통해 정보를 교환하고 이해를 공유하며, 문제를 해결하고 협력을 촉진합니다. 그러나 효과적인 의사소통은 단순히 말하는 것 이상의 것이며, 이를 위해서는 다양한 기술과",crosslingual,okapi,ko
146,Qwen/Qwen2.5-3B-Instruct,"제목: 효과적인 의사소통 기술

효과적인 의사소통은 개인과 조직의 성공을 결정짓는 중요한 요소입니다. 우리는 매일 다양한 상황에서 의사소통을 해야 하며, 이를 통해 정보를 교환하고 이해를 공유하며, 의견을 나누고 협력을 촉진합니다. 그러나 효과적인 의사소통은 단순히 말하는 것 이상의 것이며, 이를 위해서는 다양한 기술",crosslingual,okapi,ko
147,Qwen/Qwen2.5-3B-Instruct,"효율적인 의사소통 기술

의사소통은 인간 사회에서 가장 기본적인 기술 중 하나입니다. 우리는 일상 생활에서, 직장에서, 가족 간, 친구들 간, 그리고 다양한 상황에서 의사소통을 통해 정보를 교환하고 이해를 도모합니다. 그러나 많은 사람들이 의사소통에 어려움을 겪습니다. 이는 서로의 의견을 이해하고 상호 존중하는 능",crosslingual,okapi,ko
148,Qwen/Qwen2.5-3B-Instruct,"제목: 머신 러닝: 미래의 핵심 기술

머신 러닝은 인공지능(AI)의 핵심 기술 중 하나로, 컴퓨터가 스스로 학습하고 개선하며 새로운 정보를 처리하는 능력을 가진 기술입니다. 이는 인간의 지능을 모방하려는 시도의 일환으로 시작되었지만, 이제는 다양한 산업 분야에서 중요한 역",crosslingual,okapi,ko
149,Qwen/Qwen2.5-3B-Instruct,"제목: 머신 러닝: 인공지능의 핵심 기술

머신 러닝은 인공지능(AI)의 핵심 기술 중 하나로, 컴퓨터가 스스로 학습하고 개선되는 능력을 제공합니다. 이 기술은 데이터를 분석하고, 패턴을 찾아내어 새로운 정보를 생성하는 능력을 가진 AI의 핵심입니다. 머신",crosslingual,okapi,ko
150,Qwen/Qwen2.5-3B-Instruct,"머신러닝: 인공지능의 핵심 기술

머신러닝은 인공지능(AI)의 핵심 기술 중 하나로, 컴퓨터가 스스로 학습하고 개선되는 능력을 제공합니다. 이 기술은 데이터를 분석하고, 패턴을 찾아내어 새로운 정보를 생성하는 능력을 가진 것입니다. 머신러닝은 다양한 분야에서 활용되고 있으며, 이는",crosslingual,okapi,ko
151,Qwen/Qwen2.5-3B-Instruct,"제목: 유전자 조작 식품의 장단점에 대한 고찰

유전자 조작 식품은 과학의 발전으로 인해 인간의 식량 문제를 해결하는 데 중요한 도구로 사용되고 있습니다. 그러나 이와 같은 기술의 사용은 다양한 장단점을 가지고 있습니다. 이 글에서는 유전자 조작 식품의 장단점을 살펴보겠습니다.

장점은 다음과 같습니다. 첫째,",crosslingual,okapi,ko
152,Qwen/Qwen2.5-3B-Instruct,"제목: 유전자 조작 식품의 장단점에 대한 고찰

유전자 조작 식품은 식품 산업의 혁신적인 발전으로 인해 최근에 주목받고 있는 주제 중 하나입니다. 이 기술은 식물과 동물의 유전자를 조작하여 특정 특성을 개발하거나 향상시키는 것을 포함합니다. 이 기술의 장단점을 논의해",crosslingual,okapi,ko
153,Qwen/Qwen2.5-3B-Instruct,"유전자 조작 식품에 대한 장단점을 논의하는 500자 이하의 글을 작성하겠습니다. 이 주제는 매우 복잡하고 다양한 의견을 포함하고 있으므로 간단한 요약을 제공하겠습니다.

유전자 조작 식품(GMOs)은 식물이나 동물의 유전자를 수정하여 특정 특성을 개선하거나 새로운 기능을 추가하는 과학적 기술입니다. 이",crosslingual,okapi,ko
154,Qwen/Qwen2.5-3B-Instruct,"제목: 경제적 부정의 원인 분석

경제적 부정은 세계 여러 나라에서 심각한 사회 문제로 인식되고 있습니다. 경제적 부정은 개인, 가족, 사회적 단위 모두에 영향을 미치며, 이는 사회적 불평등과 불행을 초래합니다. 경제적 부정의 원인은 다양하며, 이는 개인적, 사회적, 경제적 요인들",crosslingual,okapi,ko
155,Qwen/Qwen2.5-3B-Instruct,"제목: 경제적 부정의 원인에 대한 고찰

경제적 부정은 사회의 가장 큰 문제 중 하나로, 이는 개인, 가족, 사회 전체에 심각한 영향을 미칩니다. 경제적 부정의 원인은 다양하며, 이는 사회적, 경제적, 정치적 요인들에 의해 발생합니다. 이 글에서는 경제적 부정의 주요 원인들을 살펴보겠습니다",crosslingual,okapi,ko
156,Qwen/Qwen2.5-3B-Instruct,"경제적 불평등, 교육 부족, 사회적 차별, 자연재해, 그리고 정치적 불안정성 등이 세계 곳곳에서 발생하는 경제적 어려움인 폭력적인 부정의를 초래하는 주요 원인들입니다. 이 중에서도 특히 교육 부족과 사회적 차별은 세계적인 문제로 인식되고 있습니다.

교육 부족은 개인의 능력을 제한하고 사회적 기회",crosslingual,okapi,ko
157,Qwen/Qwen2.5-3B-Instruct,"제목: 학교에서 코딩 기술을 가르치는 것이 핵심적 이유

안녕하세요, 여러분. 오늘은 학교에서 코딩 기술을 가르치는 것이 얼마나 중요한지를 강조하고자 합니다. 이는 미래 사회에서 핵심적인 역할을 하는 기술 중 하나이기 때문입니다.

1. 미래 사회의 필수 기술

우리가 살고 있는 세상은 디지털",crosslingual,okapi,ko
158,Qwen/Qwen2.5-3B-Instruct,"제목: 학교에서 코딩 기술을 가르치는 것이 핵심적 이유

안녕하세요, 여러분. 오늘은 학교에서 코딩 기술을 가르치는 것이 얼마나 중요한지를 논의해 보려고 합니다. 이는 미래의 직업 시장에서 학생들이 경쟁력을 갖추고, 창의적인 해결책을 찾을 수 있도록 도와줄 것입니다.

1. 미래의 직",crosslingual,okapi,ko
159,Qwen/Qwen2.5-3B-Instruct,"제목: 학교에서 코딩 기술을 가르치는 것이 학생들에게 얼마나 중요한가요?

안녕하세요, 여러분. 오늘은 학교에서 코딩 기술을 가르치는 것이 학생들에게 얼마나 중요한지를 논의해 보려고 합니다. 이는 미래의 기술 사회에서 학생들이 살아남고 성공할 수 있는 핵심적인 기술 중 하나입니다.

1. 미래의",crosslingual,okapi,ko
160,Qwen/Qwen2.5-3B-Instruct,"경제 위기 시 스타트업을 지원하기 위한 세 가지 유형의 정부 지원을 식별하겠습니다:

1. **자금 지원**: 정부는 스타트업에게 초기 투자와 운영 비용을 지원하기 위한 다양한 자금 지원 프로그램을 제공할 수 있습니다. 이는 투자자 없이도 사업을 시작하고 운영할 수 있도록 돕습니다. 예를 들어,",crosslingual,okapi,ko
161,Qwen/Qwen2.5-3B-Instruct,"In Korean, three types of government assistance that could help startups during an economic downturn include:

1. **벤처캐피털 지원 (Bencheopkapital suyeong)**: This refers to support for venture capital, which includes funding, mentorship, and networking opportunities for startups.

2. **벤처기업 지원 (Bencheogeui suyeong)**: This means support for startup companies, which can include financial aid, tax breaks, and other incentives to help startups grow and",crosslingual,okapi,ko
162,Qwen/Qwen2.5-3B-Instruct,"경제 위축 기간에 스타트업을 지원하기 위한 세 가지 정부 지원 형태를 아래에 설명하겠습니다:

1. 일자리 창출 지원: 스타트업이 직원을 고용할 때 일자리 창출 보조금을 제공합니다. 이는 새로운 일자리를 창출하고 경제 활동을 촉진하는 데 도움이 됩니다.

2. 연구개발(R&D)",crosslingual,okapi,ko
163,Qwen/Qwen2.5-3B-Instruct,"제목: 밤의 숲속

그는 밤이 되면 항상 이 숲을 찾아 나섰다. 그의 눈에는 밝은 빛이 반사되며, 그의 발걸음은 무언가를 찾는 듯이 느껴졌다. 그의 목소리는 밤바람과 함께 울려 퍼졌다. 그는 숲 속에서 무엇을 찾고 있는지, 그 이유는 무엇",crosslingual,okapi,ko
164,Qwen/Qwen2.5-3B-Instruct,"죄송합니다, 저는 텍스트 기반의 인공지능으로서 한국어로 직접 글을 쓸 수는 없지만, 대신 한국어로 작성된 스토리를 번역하거나 비슷한 스타일의 스토리를 작성해드릴 수 있습니다. 혹시 특정 스토리의 구체적인 내용이나 주제를 원하시나요? 또는 한국어로 직접 작성해달라는 요청이",crosslingual,okapi,ko
165,Qwen/Qwen2.5-3B-Instruct,"알려지지 않은 곳에선 무서운 이야기가 흘러나옵니다. 그곳은 밤이 되면 모든 소리가 이상하게 들리는 곳입니다. 그곳은 마을이 아닌, 그저 빈 땅 하나로 끝나는 곳입니다. 그 땅의 이름은 '노크 땅'입니다.

노크 땅은 마을 사람들이 잠들면 소리",crosslingual,okapi,ko
166,Qwen/Qwen2.5-3B-Instruct,"제목: AI와 인간의 상호작용: 미래의 가능성을 탐색

안녕하세요, 여러분. 오늘은 AI와 인간의 상호작용에 대해 이야기해보려고 합니다. AI는 우리의 삶을 변화시키는 힘을 가지고 있으며, 앞으로의 미래를 예측할 때 중요한 요소 중 하나입니다.

AI는 이미 우리의 일상 생활에서 중요한 역할을 하고 있습니다. 음성 인식 기술은",crosslingual,okapi,ko
167,Qwen/Qwen2.5-3B-Instruct,"제목: 클라우드 컴퓨팅의 미래: AI와의 협업

안녕하세요, 여러분. 오늘은 클라우드 컴퓨팅의 미래에 대해 이야기해보려고 합니다. 특히, 클라우드 컴퓨팅이 AI와 어떻게 협력할 수 있는지에 대해 알아보겠습니다.

클라우드 컴퓨팅은 기업들이 데이터를 저장하고 처리하는 데 필요한 컴퓨팅 자원을 비용 효율적으로 제공하는",crosslingual,okapi,ko
168,Qwen/Qwen2.5-3B-Instruct,"제가 생성된 AI 어시스턴트이기 때문에 직접 글을 작성하는 것은 불가능합니다만, 특정 주제에 대해 글을 작성하는 방법을 제시해 드릴 수 있습니다. 오늘은 ""AI가 미래의 교육에 미치는 영향""이라는 주제로 글을 작성해 보겠습니다.

---

AI가 미래의 교육에 미치는 영향

지금 우리는 AI(Artificial Intelligence)라는 기술이 우리 생",crosslingual,okapi,ko
169,Qwen/Qwen2.5-3B-Instruct,"제목: 음악 교육이 우리 삶에 대한 중요성

음악은 우리 삶의 중요한 부분을 차지하며, 다양한 방면에서 우리를 돕는다. 특히 음악 교육은 우리에게 많은 것을 가르쳐 준다. 이 글에서는 음악 교육이 우리 삶에 대한 중요성을 살펴보려 한다.

첫째, 음악 교육은 창의성과 표현 능력을",crosslingual,okapi,ko
170,Qwen/Qwen2.5-3B-Instruct,"음악 교육이 우리 삶에 대한 중요성

우리의 삶은 다양한 요소들로 구성되어 있으며, 그 중 하나가 바로 음악입니다. 음악은 우리의 감정을 표현하고, 우리의 삶을 더욱 풍요롭게 만드는 중요한 요소입니다. 특히 음악 교육은 우리의 인식과 감성, 창의력을 향상시키는 데 중요한 역할을 합니다.",crosslingual,okapi,ko
171,Qwen/Qwen2.5-3B-Instruct,"음악 교육이 우리 삶에 대한 중요성

음악은 우리 삶의 중요한 부분을 차지하며, 우리의 감정을 표현하고 이해하는 데 도움을 주는 중요한 도구입니다. 특히, 음악 교육은 우리의 인식과 감정을 개발하고, 창의력을 키우는 데 중요한 역할을 합니다. 이 글에서는 음악 교육이 우리 삶에 대한 중요성을 살펴",crosslingual,okapi,ko
172,Qwen/Qwen2.5-3B-Instruct,"코발트색의 아름다움과 생명의 무성함을 자랑하는 코리얼리프는 바다의 아름다운 장식품으로서 중요한 역할을 합니다. 그러나 최근 몇 년 동안 코리얼리프는 환경적 위협으로 인해 심각한 위기에 처해 있습니다. 주요 위협으로는 해수 온난화, 해수 청정도의 변화,",crosslingual,okapi,ko
173,Qwen/Qwen2.5-3B-Instruct,"코발트색의 바다를 연상시키는 코리얼리프는 해양 생태계의 중요한 부분을 차지하고 있습니다. 그러나 최근 몇 년 동안 코리얼리프는 환경적 위협으로부터 큰 피해를 입고 있습니다. 이는 해수 온난화, 해수 청정성 저하, 해안가 개발 등 다양한 요인들로 인해 발생합니다.

코리얼",crosslingual,okapi,ko
174,Qwen/Qwen2.5-3B-Instruct,"코발트색의 바다를 상상해보세요. 그 안에는 생명의 숲, 코리얼 랜드가 있습니다. 이들은 바다의 생태계를 유지하고, 다양한 생물의 서식지와 먹이사슬을 형성하며, 바다의 건강을 보호하는 역할을 합니다. 그러나 최근 몇 년 동안 코리얼 랜드는 심각한 위기에",crosslingual,okapi,ko
175,Qwen/Qwen2.5-3B-Instruct,"네, 알파벳 클라우드의 Qwen이 만든 건강하고 맛있는 비건 세부분 식사는 다음과 같습니다:

### 1. 초코파이 샐러드 (초코 파이, 브로콜리, 브로콜리 슬라이스, 레몬소스)

#### 재료:
- 초코파이 1개
- 브로콜리 100g",crosslingual,okapi,ko
176,Qwen/Qwen2.5-3B-Instruct,"Certainly! Here's a delightful and healthy vegan three-course meal for you. This meal includes a refreshing cucumber and tomato salad, a hearty quinoa and vegetable stew, and a light and refreshing fruit salad. Enjoy the flavors and the health benefits!

### Three-Course Vegan Meal

#### 1. Cucumber and Tomato Salad (초록고추와 토마토 샐러드)

**Ingredients:**
- 2 large cucumbers, thinly sliced
- 2 large",crosslingual,okapi,ko
177,Qwen/Qwen2.5-3B-Instruct,"알려주셔서 감사합니다. 이제 한국어로 세 가지 코스 모두 포함한 건강하고 유기적인 비건 식단의 레시피를 만들어 드리겠습니다. 

1. 시작 코스: 무침 채소
- 당근, 양배추, 당절임 배추, 당절임 콩을 사용하여 무침을 만들어 보세요. 
- 당근과 양배추",crosslingual,okapi,ko
178,Qwen/Qwen2.5-3B-Instruct,야간의 하늘은 별로 가득한 침대가 되었습니다.,crosslingual,okapi,ko
179,Qwen/Qwen2.5-3B-Instruct,야간의 하늘은 별로 가득한 침대가 되었습니다.,crosslingual,okapi,ko
180,Qwen/Qwen2.5-3B-Instruct,야간의 하늘은 별로 가득한 침대가 되었습니다.,crosslingual,okapi,ko
181,Qwen/Qwen2.5-3B-Instruct,"제목: 코로나19가 세계 경제에 미치는 영향

코로나19는 2020년 초부터 전 세계를 강타한 대유행병으로, 세계 경제에 심각한 영향을 미쳤습니다. 이 기간 동안 경제는 급격히 변화하고, 기업들은 위기 상황에서 생존하기 위해 다양한 전략을 취해야 했습니다. 이",crosslingual,okapi,ko
182,Qwen/Qwen2.5-3B-Instruct,"제목: 코로나19가 세계 경제에 미치는 영향

코로나19는 2020년 초부터 전 세계를 강타한 대유행병으로, 세계 경제에 심각한 영향을 미쳤습니다. 이 기간 동안 경제는 급격히 변화하고, 기업들은 위기를 극복하기 위해 새로운 방향을 모색해야 했습니다. 이 글",crosslingual,okapi,ko
183,Qwen/Qwen2.5-3B-Instruct,"COVID-19는 전 세계 경제에 심각한 영향을 미쳤습니다. 이 기간 동안 경제는 급격히 변화하고, 많은 산업이 위기에 처하게 되었습니다. 이 글에서는 특히 COVID-19가 경제에 미치는 영향에 대해 살펴보겠습니다.

첫째, 여행과 관광 산업은 큰 타격을 입었습니다. 전 세계적으로 여행이 금지되",crosslingual,okapi,ko
184,Qwen/Qwen2.5-3B-Instruct,"제목: 인공지능: 미래의 힘

인공지능은 현대 사회에서 가장 중요한 발전 중 하나로 꼽히며, 우리의 삶과 일상에 깊숙이 스며들고 있습니다. 이 기술은 다양한 분야에서 혁신을 가져왔고, 앞으로도 그 중요성이 더욱 커질 것으로 예상됩니다. 그러나 이와 같은 발전 속에서 우리는 인공지능의 영향",crosslingual,okapi,ko
185,Qwen/Qwen2.5-3B-Instruct,"제목: 인공지능: 미래의 힘

인공지능은 현대 사회의 중요한 키워드 중 하나입니다. 이 기술은 우리의 삶과 일상 생활에 깊숙이 깔려 있으며, 앞으로도 그 영향력은 더욱 커질 것입니다. 이 글에서는 인공지능의 개념, 현재의 활용 사례, 그리고 미래의 가능성을 살펴보겠습니다.

인공지능은 컴퓨터와",crosslingual,okapi,ko
186,Qwen/Qwen2.5-3B-Instruct,"인공지능에 대한 샘플 논문

인공지능은 현대 사회에서 중요한 역할을 수행하고 있습니다. 이는 인간의 일상 생활에서부터 산업 분야까지 다양한 영역에서 활용되고 있으며, 그 중요성은 점점 더 커지고 있습니다. 이 논문에서는 인공지능의 개념, 특징, 그리고 그에 따른 사회적 영향에 대해 살펴보겠습니다.

인공지",crosslingual,okapi,ko
187,Qwen/Qwen2.5-3B-Instruct,"우리 사회에서 투표는 개인의 권리를 보장하고, 사회의 미래를 결정하는 중요한 역할을 합니다. 투표는 개인의 의견과 가치를 사회에 반영하는 기회를 제공합니다. 우리 모두가 자신의 의견을 표현하고, 사회가 바람직한 방향으로 나아가기 위해 필요한 변화를 만들 수 있습니다.

투표는 권리를 행사하는 기회입니다. 모든 국민은 자신의 의견을 표현하고",crosslingual,okapi,ko
188,Qwen/Qwen2.5-3B-Instruct,"제목: 투표의 중요성: 우리 사회의 미래를 결정하는 힘

우리 사회의 미래는 우리 모두가 함께 만들어가는 것입니다. 이는 단순히 정치적 결정만을 의미하지 않습니다. 우리 사회의 가치, 문화, 그리고 우리가 살아가는 방식을 결정하는 중요한 결정들이 바로 투표입니다. 투표는 우리 사회의 미래를 결정하는 힘입니다. 

우리가",crosslingual,okapi,ko
189,Qwen/Qwen2.5-3B-Instruct,"투표는 우리 사회에서 중요한 역할을 합니다. 개인의 목소리가 사회에 큰 영향을 미칠 수 있다는 것을 기억해야 합니다. 투표는 권리를 행사하고, 자신의 가치관을 표현하는 방법입니다. 또한, 투표는 사회의 변화를 이끌어내는 중요한 도구입니다. 우리 모두가 투표를 통해 자신의 의견을 표현하고, 사회가 바뀌는 방향을 결정하는 데",crosslingual,okapi,ko
190,Qwen/Qwen2.5-3B-Instruct,"제목: 머신 러닝: 미래의 핵심 기술

머신 러닝은 오늘날 가장 중요한 기술 중 하나로 자리 잡았습니다. 이 기술은 컴퓨터가 스스로 학습하고 개선하며, 인간의 도움 없이 데이터를 분석하고 예측하는 능력을 제공합니다. 이 글에서는 머신 러닝의 기본 개념, 주요 응용 분야, 그리고 미래",crosslingual,okapi,ko
191,Qwen/Qwen2.5-3B-Instruct,"제목: 머신 러닝: 미래의 핵심 기술

머신 러닝은 현대 기술의 핵심 기술 중 하나로, 인공지능(AI)의 핵심 구성 요소입니다. 이 기술은 컴퓨터가 스스로 학습하고 개선하며, 새로운 정보를 처리하는 능력을 제공합니다. 이 글에서는 머신 러닝의 개념, 주요 원리,",crosslingual,okapi,ko
192,Qwen/Qwen2.5-3B-Instruct,"제목: 머신러닝: 데이터를 이해하고 예측하는 힘

머신러닝은 오늘날 가장 중요한 기술 중 하나로, 인공지능(AI)의 핵심 기술 중 하나입니다. 이 기술은 컴퓨터가 스스로 학습하고 개선하며, 새로운 데이터를 통해 학습하는 능력을 가집니다. 이 글에서는 머신러닝의 기본 개념, 종류, 그리고 실제 활용",crosslingual,okapi,ko
193,Qwen/Qwen2.5-3B-Instruct,"제목: AI Autonomous Weapons의 윤리적 고려사항

안녕하세요, 여러분. 오늘은 AI Autonomous Weapons에 대한 윤리적 고려사항에 대해 논의해 보려고 합니다. AI Autonomous Weapons은 인간이 직접 명령하지 않고도 자동으로 작동하는 무기로, 이는 전쟁에서의 새로운 형태를 제시합니다. 그러나 이러한 무기화의 도입은 많은 윤리적 문제를 야기",crosslingual,okapi,ko
194,Qwen/Qwen2.5-3B-Instruct,"제목: 인공지능 자동화 무기의 윤리적 고려사항: AI Autonomous Weapons의 책임과 제한

안녕하세요, 여러분. 오늘은 인공지능 자동화 무기의 윤리적 고려사항에 대해 논의해 보려고 합니다. 이 주제는 최근에 많은 논의를 불러일으키고 있으며, 특히 AI 기술의 발전과 무기화의 가능성 사이의",crosslingual,okapi,ko
195,Qwen/Qwen2.5-3B-Instruct,"제목: AI 자동화 무기의 윤리적 고려사항

안녕하세요, 여러분. 오늘은 AI 자동화 무기의 윤리적 고려사항에 대해 논의해 보려고 합니다. AI 기술의 발전은 우리의 삶을 풍요롭게 만들지만, 그 과정에서 발생할 수 있는 문제들 또한 주의를 기울여야 합니다. 특히 AI 자동화 무기의",crosslingual,okapi,ko
196,Qwen/Qwen2.5-3B-Instruct,"제목: 대기온상태 변화에 따른 아르ctic 환경 변화에 대한 Scientific 보고서

1. 서론
대기온상태 변화는 지구 온난화의 주요 원인으로 지목되며, 특히 아르ctic 지역의 기후 변화에 큰 영향을 미치고 있습니다. 이 보고서는 대기온상태 변화에 따른 아르ctic 환경 변화에 대해 논의하고,",crosslingual,okapi,ko
197,Qwen/Qwen2.5-3B-Instruct,"제목: 태양열 증가와 기후변화에 따른 아르ctic의 영향 연구

감사합니다. 이 보고서는 태양열 증가와 기후변화에 따른 아르ctic의 영향을 다루고 있습니다. 아르ctic는 지구 온난화의 가장 빠른 영향을 받는 지역 중 하나로, 이 지역의 변화는 전 세계에 큰 영향을 미칠",crosslingual,okapi,ko
198,Qwen/Qwen2.5-3B-Instruct,"제목: 태양열 증가와 기후변화에 따른 아르ctic의 영향 연구

1. 서론

태양열 증가와 기후변화는 지구 온난화를 초래하며, 특히 아르ctic 지역의 기후 변화에 큰 영향을 미쳤습니다. 이 연구는 태양열 증가와 기후변화에 따른 아르ctic의 변화를 분석하고, 그에",crosslingual,okapi,ko
199,Qwen/Qwen2.5-3B-Instruct,"물이 맑고 아름다운 호수에 살고 있던 친구, 코사리. 코사리는 호수에서 물고기와 함께 즐거운 시간을 보내곤 했지만, 그의 마음속에는 항상 한 가지 꿈이 있었습니다. 그 꿈은 호수를 건너 다른 세상을 경험하고 싶다는 것이었습니다.

하루는, 호수 위에서 작은 새들이 날아",crosslingual,okapi,ko
200,Qwen/Qwen2.5-3B-Instruct,"고양이
마우스가
 canine
개가
고양이랑
마우스랑
 canine
친구가
고양이랑
마우스랑",crosslingual,complex_prompts,ko
201,Qwen/Qwen2.5-3B-Instruct,"고양이  
마우스  
멍멍이  
마우스  
고양이  
멍멍이  
멍멍이  
고양이  
마우스  
멍멍이",crosslingual,complex_prompts,ko
202,Qwen/Qwen2.5-3B-Instruct,"고양이
소鼠
멍하니
개가
 observing",crosslingual,complex_prompts,ko
203,Qwen/Qwen2.5-3B-Instruct," behavioral 인터뷰 준비 중 Azure 아키텍트 역할을 위한 질문 3개를 제출하신 내용에 기반하여 다음과 같이 질문을 생성하겠습니다:

1. **교육 관련 질문**
   - ""Microsoft Office Suite와 다른 주요 비즈니스 애플리케이션에 대해 6개월 동안 프로그램을 완료하셨다고 말씀하셨습니다. 이 프로그램에서 가장 중요한 교육 내용 중 하나를",crosslingual,complex_prompts,ko
204,Qwen/Qwen2.5-3B-Instruct,"알겠습니다, 당신의 경력과 스킬을 바탕으로 Azure 아키텍트 역할을 위한 행동 면접에서 질문을 생성하겠습니다. 질문들은 다음과 같습니다:

1. **교육 경력에 대해 설명해 주실 수 있나요?**
   - ""Microsoft Office Suite와 다른 주요 비즈니스 애플리케이션에 대해 6개월 동안 프로그램을 완료하였으며, 이를 통해",crosslingual,complex_prompts,ko
205,Qwen/Qwen2.5-3B-Instruct,"네, 이해했습니다. 이제 준비한 자료를 바탕으로 Azure 아키텍처 역할을 위한 행동적 면접에서 질문을 생성하겠습니다. 먼저, 자료에서 중요한 부분을 살펴보면:

1. Microsoft Office Suite 및 기타 주요 비즈니스 애플리케이션에 대한 6개월 프로그램 완료와 관련된 경험이 있습니다.
2. 3개월간의 인턴십",crosslingual,complex_prompts,ko
206,Qwen/Qwen2.5-3B-Instruct,"Certainly! Let's get started with the basics of options trading. I'll provide you with 50 questions at an easy level, and you can answer them. I'll keep track of your answers and provide you with a percentage grade at the end. Here are the questions:

---

### 1. What is an option in the context of options trading?
- A. A promise to buy or sell an asset at a future date
- B. A promise to buy or sell an asset at",crosslingual,complex_prompts,ko
207,Qwen/Qwen2.5-3B-Instruct,"Certainly! I'll provide you with 50 questions about options trading in Korean, and you can answer them. I'll keep track of your answers and provide a percentage grade at the end. Let's begin.

---

### 1. 옵션 트레이딩은 무엇을 의미합니까?
- A) 주식을 사고팔기
- B) 주식의 가격 변동을 예측하기
- C) 주식을 사고 팔면서 동시에",crosslingual,complex_prompts,ko
208,Qwen/Qwen2.5-3B-Instruct,"물론입니다. 50개의 질문을 제공하겠습니다. 질문에 답변하면서 진행 상황을 기록하고 정답 수를 체크하겠습니다. 마지막에 성적을 제공하겠습니다. 질문을 시작하겠습니다.

질문 1: 옵션 거래는 무엇을 의미합니까?
답변: 옵션 거래는 미래의 상품이나 자산의 가격을 예측하고, 해당 가격이 특정 범위 내에서 유지될",crosslingual,complex_prompts,ko
209,Qwen/Qwen2.5-3B-Instruct,"{
""news"": [
{
""headline"": ""Twenty-two per cent of construction cones in downtown Montreal are 'useless': report"",
""category"": ""world""
},
{
""headline"": ""Vote fails to expel embattled Republican George Santos from U.S. House of Representatives"",
""category"": ""national""
},
{
""headline"": ""Canucks look to J.T. Miller to drive play, inspire teammates"",
""category"": ""local""
},
{
""headline"": ""Three tents catch",crosslingual,complex_prompts,ko
210,Qwen/Qwen2.5-3B-Instruct,"{
""local"": [
""Canucks look to J.T. Miller to drive play, inspire teammates"",
""Woman trapped under car after being struck near Yonge-Dundas Square"",
""Kids cared for in hallways as viral illness overflows ER at McMaster Children’s Hospital""
],
""national"": [
""Twenty-two per cent of construction cones in downtown Montreal are 'useless': report""
],
""world"": [
""Vote fails to expel embattled Republican George Santos from U.S.",crosslingual,complex_prompts,ko
211,Qwen/Qwen2.5-3B-Instruct,"{
""local"": [
""Woman trapped under car after being struck near Yonge-Dundas Square"",
""Kids cared for in hallways as viral illness overflows ER at McMaster Children’s Hospital""
],
""national"": [
""Twenty-two per cent of construction cones in downtown Montreal are 'useless': report""
],
""world"": [
""Vote fails to expel embattled Republican George Santos from U.S. House of Representatives"",
""Canucks look to J.T. Miller to drive play",crosslingual,complex_prompts,ko
212,Qwen/Qwen2.5-3B-Instruct,"e-Commerce has significantly contributed to overconsumption, a phenomenon that arises from its perceived environmental sustainability. According to Nielsen, 73% of consumers are willing to change their shopping habits to reduce environmental impact. However, the article highlights both positive and negative environmental impacts of e-commerce. On the positive side, e-commerce reduces transportation emissions by minimizing physical commuting and allows for digital storage, which can eliminate the need for warehouses and reduce paper waste. Additionally, digital invoicing and item consolidation can decrease",crosslingual,complex_prompts,ko
213,Qwen/Qwen2.5-3B-Instruct,"e커머스의 발전은 과도한 소비를 촉진하는 요인 중 하나입니다. 온라인 쇼핑의 인기와 함께, 환경 친화적 제품에 대한 정보 접근성 증가와 같은 긍정적인 영향이 있지만, 동시에 배송 배출물, 포장재 사용, 반품 등 부정적인 영향도 존재합니다. 배송 배출물은 고객의 운",crosslingual,complex_prompts,ko
214,Qwen/Qwen2.5-3B-Instruct,전자상거래는 주로 편의성과 환경 친화성에 초점을 맞추어 발전하고 있습니다. 그러나 이는 과도한 소비를 초래할 수 있다는 점을 고려해야 합니다. 온라인 쇼핑의 장점 중 하나는 환경 친화적인 비즈니스 모델을 통해 고객을 유치하는 것입니다. 이는 운송 배출가스 감소와,crosslingual,complex_prompts,ko
215,Qwen/Qwen2.5-3B-Instruct,"- AI와 센서: 패스트푸드 회사들이 AI를 활용해 생산 효율성을 높이고자 노력하고 있습니다.
- 오디오 분석: 패스트푸드 회사들은 오디오 센서를 통해 기계의 소리로 인해 발생할 수 있는 문제를 사전에 예측하고 해결합니다.
- 에너지 절약: AI를 활용한 센서는 기계의 최적화",crosslingual,complex_prompts,ko
216,Qwen/Qwen2.5-3B-Instruct,"- 페psiCo의 제조공장에서 AI와 센서 활용
- 센서가 기계 소음 분석으로 문제 예측
- 센서는 기계 부품의 노후화를 감지
- AI 기반 센서로 생산 손실 줄이기
- AI 기술로 제품 품질 관리 강화
- AI 활용으로 공급망 관리 개선 가능",crosslingual,complex_prompts,ko
217,Qwen/Qwen2.5-3B-Instruct,"다음 기사의 주요 내용을 6개의 별도의 점으로 요약한 뒤, 총 200~300자 길이의 요약을 제공하겠습니다. 각 점은 기사에서 추출한 핵심 단어로 시작합니다.

- AI와 함께하는 제조업: 제조업에서 AI의 활용이 급속히 확산되고 있습니다. 이는 생산 효율성을",crosslingual,complex_prompts,ko
218,Qwen/Qwen2.5-3B-Instruct,"### 추론 분석의 통계적 기법과 머신 러닝 알고리즘

기업들은 데이터에서 관찰되는 관계와 패턴을 파악하고 미래의 이벤트나 행동을 예측하기 위해 추론 분석을 사용합니다. 이는 복잡한 통계적 기법, 머신 러닝 알고리즘, 그리고 모델링 도구를 활용하여 현재와 과거 데이터를 분",crosslingual,complex_prompts,ko
219,Qwen/Qwen2.5-3B-Instruct,"1. **통계적 기법과 머신러닝 알고리즘**: 
   - 통계적 기법: 데이터 분석, 회귀 분석, 클러스터링, 의사결정 나무 등
   - 머신러닝 알고리즘: 예측 모델링을 위한 다양한 알고리즘 사용

2. 1. 데이터 분석을 위해 필요한 통계적 기법과 머신러닝 알고리즘은 무엇",crosslingual,complex_prompts,ko
220,Qwen/Qwen2.5-3B-Instruct,"### 추정 분석의 기술과 머신 러닝 알고리즘

추정 분석은 조직이 데이터에서 추세와 관계를 파악하고 미래의 이벤트나 행동을 예측하는 데 필요한 통찰력을 찾기 위해 사용되는 강력한 도구입니다. 추정 분석은 복잡한 통계 기술, 머신 러닝 알고리즘, 그리고 모델링 도구를 활용",crosslingual,complex_prompts,ko
221,Qwen/Qwen2.5-3B-Instruct,"최근 발견된 가장 새로운 원소는 헬륨과 같은 7번째 원소인 네온입니다. 네온 외에 다른 원소들은 다음과 같습니다: 헬륨, 루테늄, 리튬, 테트라플루오로인, 테트라플루오로인, 테트라플루오로인, 테트라플루오로인, 테트라플루오",crosslingual,complex_prompts,ko
222,Qwen/Qwen2.5-3B-Instruct,"최근 발견된 가장 최근의 원소는 헬륨과 테트라플루오로헬륨입니다. 이들 원소는 모두 매우 가벼운 성질을 가지고 있으며, 테트라플루오로헬륨은 헬륨보다 약 10배 더 가벼운 것으로 알려져 있습니다. 

- 헬륨
- 테트라플루오로헬륨",crosslingual,complex_prompts,ko
223,Qwen/Qwen2.5-3B-Instruct,"최근 발견된 가장 최근의 원소는 테트라플루오로인산화인입니다. 이는 2022년에 발견된 새로운 원소로, 테트라플루오로인이라는 이름을 가지고 있습니다. 원소 번호는 117이며, 아직 국제 원소 명명위원회(IUPAC)에 승인되지 않았습니다. 다음은 원소 번호 순서로 원소 이름을 나열",crosslingual,complex_prompts,ko
224,Qwen/Qwen2.5-3B-Instruct,"죄송합니다만, 저는 현재 Met(미술관)이 1990년부터 2000년까지 개최한 전시회에 대한 정보를 가지고 있지 않습니다. 이 정보는 미술관의 공식 웹사이트나 뉴스 뉴스레터에서 확인할 수 있습니다. 그런 정보를 가지고 TSV 파일을 생성하는 것은 어렵습니다. 대신, 해당 기간 동안 개최된 전시회에 대한 일반",crosslingual,complex_prompts,ko
225,Qwen/Qwen2.5-3B-Instruct,"제목	주제분야	 curator
""미술의 새로운 시대: 19세기 미술의 전시""	19세기 미술	 레이몬드 헤이그
""아프리카의 예술: 아프리카의 문화와 예술""	아프리카의 예술과 문화	 레이몬드 헤이그
""미술의 새로운 시대",crosslingual,complex_prompts,ko
226,Qwen/Qwen2.5-3B-Instruct,"제목,주제 분류, curator
The Met는 1990년부터 2000년까지 개최한 전시회 목록을 TSV 형식으로 생성하겠습니다. 이는 제목을 알파벳 순으로 정렬합니다. 현재 제보된 정보에 따라 일부 예시를 제공하겠습니다:

African Art
제목 : 아프리카 예술
주제 분류 : 아프리카 예술
curator :",crosslingual,complex_prompts,ko
227,Qwen/Qwen2.5-3B-Instruct,"```json
{
  ""advice18"": ""할 일 목록 작성하고, 작은 목표 세우고 달성하세요!"",
  ""advice20_25"": ""대신 시간 관리 앱 사용하고, 휴식 시간도 맞춰보세요!"",
  ""advice26+"": ""대신 스트레스 관리 기법도 배우고, 효율적인 작업 방법 찾아보세요!""
}
```",crosslingual,complex_prompts,ko
228,Qwen/Qwen2.5-3B-Instruct,"{
  ""advice18"": ""친구들과 함께할 때도 공부하고, 휴대폰을 꺼두세요!"",
  ""advice1925"": ""일을 나눠서 해보세요. 작은 목표를 세우고 달성하세요!"",
  ""advice26+"": ""시간 관리 앱을 사용하고, 중요한 일부터 시작하세요!""
}",crosslingual,complex_prompts,ko
229,Qwen/Qwen2.5-3B-Instruct,"{
  ""adviceFor18AndUnder"": ""친구들과 함께할 때만 일하는 것이 효과적입니다. 쉬는 시간도 충분히 가지세요!"",
  ""adviceFor19To25"": ""계획을 세우고, 목표를 설정하세요. 꾸준히 운동하고, 충분한 수면을 취하세요!"",
  ""adviceFor26Plus"": ""필요한 도구와 기술을",crosslingual,complex_prompts,ko
230,Qwen/Qwen2.5-3B-Instruct,"게임 이름은 ""Uno""입니다. 플레이어들은 시계 방향으로 차례대로 플레이합니다. 덱에서 덜어낸 카드의 색상, 숫자 또는 모양과 일치하는 카드를 덱 위에 놓아야 합니다. 만약 카드를 놓을 수 없다면, 덱에서 카드를 한 장 뽑아야 합니다. 만약 그 카드",crosslingual,complex_prompts,ko
231,Qwen/Qwen2.5-3B-Instruct,"게임 이름은 ""Uno""입니다. 플레이어들은 시계 방향으로 차례대로 플레이합니다. 버리기 패의 위쪽 카드와 색상, 숫자, 또는 모양이 일치하는 카드를 뽑아야 합니다. 만약 카드를 뽑을 수 없다면, 버리기 패에서 카드를 뽑아야 합니다. 만약 그 카드를",crosslingual,complex_prompts,ko
232,Qwen/Qwen2.5-3B-Instruct,"게임 이름은 ""Uno""입니다. 플레이어들은 시계 방향으로 차례대로 플레이합니다. 버리기 패의 위에 있는 첫 번째 카드의 색상, 숫자 또는 모양에 맞는 카드를 뽑아야 합니다. 만약 카드를 뽑을 수 없으면, 버리기 패에서 카드를 한 장 뽑아야 합니다. 만약",crosslingual,complex_prompts,ko
233,Qwen/Qwen2.5-3B-Instruct,"안녕하세요, 게임을 시작하겠습니다! 'YoutubeTitleOptimizer' 게임은 여러분의 채널에 대해 질문을 던지고, 그에 따른 제안을 드리는 방식입니다. 첫 번째 질문으로, 여러분의 채널의 장르는 무엇인가요?",crosslingual,complex_prompts,ko
234,Qwen/Qwen2.5-3B-Instruct,"Hello! Let's get started with the game. Before we begin, could you please tell me about your channel in Korean? What kind of content do you post?",crosslingual,complex_prompts,ko
235,Qwen/Qwen2.5-3B-Instruct,"안녕하세요, 게임을 시작하겠습니다. ""YouTubeTitleOptimizer""는 유튜브 알고리즘을 연구하여 가장 많은 클릭을 얻을 가능성이 높은 동영상에 대한 지식을 가지고 있습니다. 또한 유튜브 제목과 관련된 SEO 키워드에 대한 깊은 이해도를 가지고 있습니다. 게임의 진행 방식은 다음과 같습니다: 첫 번째 출력에서는 제 채널의 장르에 대해",crosslingual,complex_prompts,ko
236,Qwen/Qwen2.5-3B-Instruct,"```json
[
    {
        ""speaker"": ""Insurance Inspector"",
        ""topic"": ""maximum coverage for homeowners insurance policy"",
        ""uncertain_score"": 1,
        ""need_assistance"": true,
        ""analysis"": ""The Insurance Inspector is uncertain about how to check the maximum coverage and suggests the client try looking online or contacting the main office. They also express that they don't have the necessary information or contact details.""
    }
]
```",crosslingual,complex_prompts,ko
237,Qwen/Qwen2.5-3B-Instruct,"```json
[
    {
        ""speaker"": ""Insurance Inspector"",
        ""topic"": ""Homeowners insurance coverage"",
        ""uncertain_score"": 1,
        ""need_assistance"": true,
        ""analysis"": ""The Insurance Inspector is uncertain about the client's maximum coverage and cannot provide the information. They suggest the client look online or contact the main office for assistance.""
    }
]
```",crosslingual,complex_prompts,ko
238,Qwen/Qwen2.5-3B-Instruct,"answer_json_list = [
    {
        ""speaker"": ""보험사원"",
        ""topic"": ""손해보험 보험 가입자의 최대 보상 범위"",
        ""uncertain_score"": 1,
        ""need_assistance"": true,
        ""analysis"": ""보험사원은 보험 가입자의 최대 보상 범위에 대한 정보를 제공하지 못하고, 보험 가입자가 직접 확인해야 한다고 제안했습니다. 이는",crosslingual,complex_prompts,ko
239,Qwen/Qwen2.5-3B-Instruct,"{Supporters}|""You can see the goat misses the old generation. Diogo Dalot and Otavio are probably the only two from this generation that Cristiano is close with. We need Pepe back too, he is a REAL one!""  
{Fans}|""Man is lost listening.""  
{Fans}|""Bruno believes himself to be the captain.""  
{Portugal Boss Martinez}|""Cristiano Ronaldo is as hungry as an 18-year-old player. He is",crosslingual,complex_prompts,ko
240,Qwen/Qwen2.5-3B-Instruct,"{팬 1}|""크리스티아누가 오래전의 국제 축구 선수들에 대한 그리움을 느끼고 있습니다. 도고 다alto와 올타오는 크리스티아누가 가까운 친구들 중 유일한 두 명입니다. 피에페가 돌아오길 바라는 것 같습니다.""  
{팬 2}|""맨시티의 브루노가 자기가 코치라고",crosslingual,complex_prompts,ko
241,Qwen/Qwen2.5-3B-Instruct,"{팬 1}|“크리스티아누가 오래전의 선수들과 함께하는 것을 그리워하고 있겠네요. 도고 다또와 올라비오가 크리스티아누와 가장 가까운 선수들 중 한 명일 뿐입니다. 피에페도 돌아와야겠네요, 그는 진짜 선수였습니다!”
{팬 2}|“크리스는 낡은 세대를",crosslingual,complex_prompts,ko
242,Qwen/Qwen2.5-3B-Instruct,"Harry Potter series is a fantasy novel series written by J.K. Rowling. The story begins with Harry Potter, an orphan, who discovers he is a wizard and attends Hogwarts School of Witchcraft and Wizardry. He makes friends with Ron Weasley and Hermione Granger. Harry faces challenges and adventures, including battling the dark wizard Voldemort, who seeks to regain his power. The series explores themes of friendship, loyalty, and the fight against evil.

Names mentioned in the summary, sorted alphabetically: Harry",crosslingual,complex_prompts,ko
243,Qwen/Qwen2.5-3B-Instruct,"Harry Potter 시리즈는 영국의 호그와트 학교에 다니는 학생인 하이어러와 그의 친구 루디지어와 루나가 있는 이야기입니다. 하이어러는 마법사의 아들로, 그의 친구들은 마법을 사용하지 못합니다. 하이어러는 마법사의 딸인 루디지어와의 사랑을",crosslingual,complex_prompts,ko
244,Qwen/Qwen2.5-3B-Instruct,"해리 포터 시리즈는 영국의 하버드 대학에서 물리학을 가르치는 가난한 부부의 아들인 해리와 그의 친구 루시데스와 루치아노가 살고 있는 마법사 가정에서 시작됩니다. 해리는 마법사가 되기 위해 노력하지만, 그의 친구들은 마법학교에 가는 것을 거부합니다. 마법",crosslingual,complex_prompts,ko
245,Qwen/Qwen2.5-3B-Instruct," knives를 만드는 방법은 다음과 같습니다:

1. 재료 준비: 강철, 금속 가공 도구, 냉각 장치, 가공 도구 (예: 칼날 가공 도구, 칼날 둥근 shaping 도구 등).

2. 강철 가공: 강철을 원하는 모양으로 가공합니다. 강철의 성질을 최적화하기 위함입니다.

3. 칼날 가",crosslingual,complex_prompts,ko
246,Qwen/Qwen2.5-3B-Instruct,"칼을 만드는 방법은 다음과 같습니다:

1. 재료 준비: 강철, 금속 가공 도구, 냉각 장치, 보호 장비 (예: 안경, 장갑, 안전 절차)를 준비합니다. 강철은 칼의 강도와 내구성을 결정합니다.

2. 강철 가공: 강철을 원하는 모양으로 가공합니다. 이는 칼의 형태와 크기를",crosslingual,complex_prompts,ko
247,Qwen/Qwen2.5-3B-Instruct,"칼을 만드는 방법은 다음과 같습니다:

1. 철을 준비합니다. (철은 칼의 주성분이며 강철을 사용합니다.)
2. 철을 가열하고 식히는 과정을 반복합니다. (이 과정을 '가열-냉각'이라고 합니다. 이는 칼의 강도와 내구성을 향상시키기 위함입니다.)
3. 가열된 철을 모",crosslingual,complex_prompts,ko
248,Qwen/Qwen2.5-3B-Instruct,"```json
{
  ""article 1 summary"": ""Businesses and performers can use unconventional spelling to make their names memorable and sincere. However, consumers prefer conventional spelling for brands and stage names, as unconventional spelling can be perceived as a gimmick. Brands should have a valid reason for unconventional spelling, such as crowdsourcing, brand history, or a trademark dispute. Unconventional spelling can also convey unique aspects of the brand or product."",
  ""article 2 summary"": ""Using the present",crosslingual,complex_prompts,ko
249,Qwen/Qwen2.5-3B-Instruct,"```json
{
  ""article 1 summary"": ""브랜드 이름의 unconventional 스펠링은 브랜드 이미지와 소비자 반응에 영향을 미치지만, 특정 조건 하에서는 소비자들이 더 잘 받아들이는 경우도 있습니다. 브랜드 이름의 unconventional 스펠링은 브랜드의 독특함과 기억력을 높이고, 소비자들이",crosslingual,complex_prompts,ko
250,Qwen/Qwen2.5-3B-Instruct,"{
  ""article 1 summary"": ""브랜드 이름의 unconventional spelling이 성공적인 이유는 무엇인지, 그리고 이를 어떻게 사용해야 하는지에 대한 연구 결과를 요약합니다. 성공적인 이유는 상표의 역사나 관련성이 있어야 하며, 단순히 트렌디함을 추구하는 것은 적절하지 않다는 점을 강조합니다. 또한, 뮤지션들이 unconventional spelling을 사용하여 이미지를 형성",crosslingual,complex_prompts,ko
251,Qwen/Qwen2.5-3B-Instruct,"Meta, introduced by CEO Mark Zuckerberg at Connect 2021, aims to create the metaverse, a hybrid of online social experiences, to facilitate virtual connections, community building, and business growth. The metaverse will allow immersive experiences and activities not possible in the physical world. This event also showcased new tools and investments to support the development of metaverse technologies.",crosslingual,complex_prompts,ko
252,Qwen/Qwen2.5-3B-Instruct,"Meta, a new company brand, was introduced by CEO Mark Zuckerberg at Connect 2021. Meta aims to bring the metaverse to life, enabling people to connect, find communities, and grow businesses. The metaverse will combine online social experiences with three-dimensional projections, allowing immersive shared experiences. This is the next evolution in social technologies, and the company is investing in tools to support its development. The Connect conference explored various metaverse experiences and announced new tools for developers.",crosslingual,complex_prompts,ko
253,Qwen/Qwen2.5-3B-Instruct,"Connect 2021에서 메타(Meta)가 소개되었고, 이는 애플리케이션과 기술을 하나의 새로운 회사 브랜드 아래 통합하는 것임. 메타는 메타버스를 현실 세계와 혼합된 경험으로 만들어 사람들을 연결하고, 공동체를 찾고, 기업을 성장시키는 데 초점을 맞출 예정이다. 메타버스는",crosslingual,complex_prompts,ko
254,Qwen/Qwen2.5-3B-Instruct,"### H1: How Spatial Cognition Style Affects Wayfinding in a Crisis: Insights from VR Studies

Some people just seem to have a knack for finding their way through complicated buildings. Why is wayfinding easy for some and challenging for others? According to scientists, it comes down to how we visualize space. Generally speaking, there are three ""spatial cognition styles"" that determine how we navigate (Dang et al, 2023).

- **Landmark style**: This is",crosslingual,complex_prompts,ko
255,Qwen/Qwen2.5-3B-Instruct,"H1: 위급 상황에서 공간 인지 스타일이 방향감각에 미치는 영향: VR 연구에서의 통찰

위급 상황에서 방향감각이 어떻게 영향을 받는지에 대한 공간 인지 스타일의 영향을 살펴보자. 

우리가 복잡한 건물에서 방향을 잡는 방법은 공간 인지 스타일에 따라",crosslingual,complex_prompts,ko
256,Qwen/Qwen2.5-3B-Instruct,"H1: 위기 상황에서 공간 인지 스타일이 방향감각에 미치는 영향: VR 연구에서의 통찰

위기 상황에서 방향감각이 어려운 사람과 쉽게 방향감각을 찾는 사람 사이에는 어떤 차이점이 있을까요? 

과학자들은 방향감각을 어떻게 상상하는지에 따라 방향감각이 어떻게 달라지는지에 대해 설명합니다",crosslingual,complex_prompts,ko
257,Qwen/Qwen2.5-3B-Instruct,"### Paragraph 1
교육철학은 모든 학생들이 독특하고, 경험, 역사, 학습 스타일이 각자의 독특함을 만드는 것을 강조합니다. 이에 따라 교사는 학생의 전체를 키우는 책임이 있습니다. 저는 학생들의 학습을 돕습니다. 그러므로, 창의적인, 안전하고 환영하는 환경을 만들고",crosslingual,complex_prompts,ko
258,Qwen/Qwen2.5-3B-Instruct,"첫 번째 paragraph:
교육철학은 모든 학생들이 독특하고 독특한 경험이나 역사, 그리고 학습 스타일로 만들어진다는 개념에 기반합니다. 이에 따라 교사는 학생의 전체를 키우는 책임이 있습니다. 저는 학생들의 학습을 돕습니다. 그러므로 학생들이 질문하고 위험을 시도하고 발견하고 호기심을 갖",crosslingual,complex_prompts,ko
259,Qwen/Qwen2.5-3B-Instruct,"교육철학은 모든 학생들이 독특하고, 경험, 역사, 학습 스타일이 각각의 학생을 만들어내는 것을 강조합니다. 이는 교사가 학생의 전체를 키우는 책임을 가지는 것을 의미합니다. 학생들의 호기심을 자극하고 위험을 시도하며, 발견과 호기심을 촉진하며, 협력과",crosslingual,complex_prompts,ko
260,Qwen/Qwen2.5-3B-Instruct,"Here is the article's key takeaways formatted as a JSON object in a numbered list:

1. Young investors face a challenging investment landscape due to historically low returns, making it crucial for them to make smart decisions.
2. The golden age of investing, characterized by high returns, is over, and young investors must adapt to a more difficult investment environment.
3. Past performance is no guarantee of future returns, and young investors should not assume that recent market gains will continue.
4. Young investors should",crosslingual,complex_prompts,ko
261,Qwen/Qwen2.5-3B-Instruct,"Here are the key takeaways from the article, formatted as a JSON object in a numbered list:

1. Young investors face a challenging investment landscape due to historically low returns, making it crucial for them to make informed decisions.
2. Past returns are no guarantee of future performance, and young investors should be wary of overly optimistic expectations.
3. The golden age of investing, characterized by high returns, is over, and young investors must adapt to lower expected returns.
4. Young investors are more likely",crosslingual,complex_prompts,ko
262,Qwen/Qwen2.5-3B-Instruct,"Here is the key takeaways from the article formatted as a JSON object in a numbered list, rephrased in my own words:

1. Young people have been dealt a difficult hand in the investment market, facing lower returns compared to their parents' generation. This is due to a combination of factors including globalisation, low inflation, and historically low interest rates.
2. The golden age of investment returns, which lasted from the 1980s to 2021,",crosslingual,complex_prompts,ko
263,Qwen/Qwen2.5-3B-Instruct,"### 문헌 리뷰

#### 서론

지난 5년 동안, 자연과학 분야에서 물체를 높이에서 떨어뜨린 후 그 물체가 어떤 반응을 보이는지에 대한 연구가 활발히 진행되고 있습니다. 이 연구들은 물체의 속도, 떨어지는 시간, 그리고 떨어진 물체의 상태 등을 조사하고 있습니다. 그러나 이 연구들은 대부분 물체",crosslingual,complex_prompts,ko
264,Qwen/Qwen2.5-3B-Instruct,"### 문헌 리뷰: 강수와 건물에서 농축된 물melon을 떨어뜨리는 효과

#### 서론

강수와 건물에서 농축된 물melon을 떨어뜨리는 효과에 대한 연구는 아직 초기 단계에 있습니다. 그러나 최근의 연구들은 강수와 건물에서 농축된 물melon을 떨어뜨리는 과정에서 발생하는 다양한 효과에 대한 관심",crosslingual,complex_prompts,ko
265,Qwen/Qwen2.5-3B-Instruct,"죄송합니다, 하지만 현재 제공된 주제인 '강에서 놓은 수박이 지하철에서 떨어진 수박보다 더 크게 부서지는 이유'에 대한 연구는 현재 공식적으로 인정받지 않은 주제입니다. 이 주제는 과학적 연구의 범위를 벗어나며, 물리학, 생물학, 심리학 등 다양한 분야에서의 연구가 필요할 것입니다.",crosslingual,complex_prompts,ko
266,Qwen/Qwen2.5-3B-Instruct,"Sure, let's create the TSV file with the given weather information and format it as requested. Here's the TSV file with the specified format:

```
Date,Weather,Temperature (in degrees Celcius)
2023-12-08,Overcast,-15
2023-12-09,Snowing,-10
2023-12-10,Sunny,-6
2023-1",crosslingual,complex_prompts,ko
267,Qwen/Qwen2.5-3B-Instruct,"Certainly! Below is the TSV file with the specified information, including bold headings and the provided weather data. I've also generated an appropriate TSV file name for the table.

```tsv
Date,Weather,Temp(°C)  
2023-12-08,Overcast,−15  
2023-12-09,눈이ตก는,−10  
2023-12-10,맑",crosslingual,complex_prompts,ko
268,Qwen/Qwen2.5-3B-Instruct,"알겠습니다. 주어진 날짜와 날씨 정보를 기반으로 TSV 파일을 생성하겠습니다. 또한, 각 행의 제목을 굵은 글씨로 표시하겠습니다. 다음은 생성된 TSV 파일의 이름과 내용입니다.

TSV 파일 이름: weather_information.tsv

다음은 생성된 TSV 파일 내용입니다:

Date,Weather,Temperature (in degrees Celcius)
2023-12-08,Over",crosslingual,complex_prompts,ko
269,Qwen/Qwen2.5-3B-Instruct,My favorite is hockey.,crosslingual,complex_prompts,ko
270,Qwen/Qwen2.5-3B-Instruct,그녀가 제일 좋아하는 스포츠는 아이스하키야요.,crosslingual,complex_prompts,ko
271,Qwen/Qwen2.5-3B-Instruct,그녀가 제일 좋아하는 스포츠는 아이스하키다.,crosslingual,complex_prompts,ko
272,Qwen/Qwen2.5-3B-Instruct,"안녕하세요, 7살 동안의 친구들! 오늘은 토렌트(Tangled)이라는 영화 이야기를 들려드리려고 해요. 이 영화는 한 여름 밤의 숲에서 태어난 작은 여우가 주인공이에요. 그 여우는 이름이 트랜스터(Tangled)예요. 트랜스터는 흰색의 긴 머리가 특징",crosslingual,complex_prompts,ko
273,Qwen/Qwen2.5-3B-Instruct,"안녕하세요, 7살 동생들과 함께 영화 '트랜딩'에 대해 이야기해볼게요. 이 영화는 한 여름 밤의 숲에서 태어난 소녀 테일러가 주인공이에요. 테일러는 허리에 끼워진 펜던트를 가지고 있어요. 이 펜던트는 테일러를 찾는 악당 마법사",crosslingual,complex_prompts,ko
274,Qwen/Qwen2.5-3B-Instruct,"안녕하세요, 7세 아이들을 위한 투란드(Tangled) 영화 줄거리입니다. 이 영화는 한 여우가 주인공인 이야기입니다. 여우는 이름이 리나입니다. 리나는 허공에서 날아다니는 늑대들이 살고 있는 곳에서 태어났어요. 그녀는 늑대들이 주인공인 이야기를 좋아했지만, 리나는 다른 이야기를",crosslingual,complex_prompts,ko
275,Qwen/Qwen2.5-3B-Instruct,"### Summarized Text
The best Ferrari model varies based on personal priorities. For raw performance, the Enzo, LaFerrari, or LaFerrari Aperta are top choices. Rarity enthusiasts might prefer the 288 GTO, Monza SP1, or Monza SP2, with only 500 total made. If you want an instantly recognizable pop culture icon, the Testarossa is ideal. No Ferrari is objectively the best, but Ferrari is considered",crosslingual,complex_prompts,ko
276,Qwen/Qwen2.5-3B-Instruct,"문장은 Ferrari 모델 중 가장 좋은 모델은 개인적인 선호에 따라 달라집니다. 

1. 강력한 성능을 원한다면 Enzo, LaFerrari, 또는 LaFerrari Aperta를 선택합니다.
2. 드문 모델을 원한다면 이 세 모델과 288 GTO, Monza SP1 및 Monza SP2가 해당합니다. 각각 500개만 제작되었습니다",crosslingual,complex_prompts,ko
277,Qwen/Qwen2.5-3B-Instruct,"텍스트는 Ferrari 모델 중 가장 좋은 모델을 결정하는 데 있어 세 가지 우선 순위를 제시합니다. 

1. 강력한 성능을 원한다면, Enzo, LaFerrari, 또는 LaFerrari Aperta가 적합합니다.
2. 드문 모델을 원한다면, 이 세 모델과 288 GTO, 그리고 Monza SP1 및 Monza SP2가 적합합니다. 각각 ",crosslingual,complex_prompts,ko
278,Qwen/Qwen2.5-3B-Instruct,"**[INT. FILM SET - INTERVIEW ROOM - DAY]**

**[Ray Liotta, 50s, rugged, with a slight Italian accent, sits in a comfortable chair. A film journalist, 30s, dressed in a suit, approaches him with a clipboard and a microphone.]**

**Journalist:** (excitedly) Mr. Liotta, it's an absolute honor to be here today to interview you about your iconic role in ""Goodfellas.""",crosslingual,complex_prompts,ko
279,Qwen/Qwen2.5-3B-Instruct,"[The scene opens with a dimly lit interview room. Ray Liotta, dressed in a casual, slightly worn-out shirt and jeans, sits across from a film journalist. The journalist, dressed in a suit, looks nervously at Liotta, clearly excited but also a bit intimidated.]

**Journalist:** (excitedly) Mr. Liotta, it's an absolute honor to be here today to discuss your incredible performance in ""Goodfellas."" I've been a fan of your work",crosslingual,complex_prompts,ko
280,Qwen/Qwen2.5-3B-Instruct,"[인터뷰 장면]
[리포터: ""안녕하세요, Ray Liotta 씨. 저는 이 영화 '굿fellas'의 주인공을 연기하신 분이신데요. 그 분이 바로 레이 리올타 씨라는 것을 알고 있습니다. 저는 이 영화에 대해 많은 것을 알고 있지만, 분명히 그 분의 연기력에 대해 더 많은 것을 배울 수 있을 것 같습니다. 그 분의 연기",crosslingual,complex_prompts,ko
281,Qwen/Qwen2.5-3B-Instruct,"### Nursing Care Plan

#### Assessment
- **Patient's Vital Signs:** T: 36.6, P: 103, RR: 16, BP: 80/50, WBC: 15 K/uL, CT scan: Enlarged appendix >6 mm.
- **Appearance:** Poor skin turgor, dry mucous membranes.
- **Symptoms:** Nausea, vomiting.

#### Diagnosis
- **Fluid Volume Def",crosslingual,complex_prompts,ko
282,Qwen/Qwen2.5-3B-Instruct,"### Nursing Care Plan

#### Assessment
- **Patient's Vital Signs:** T: 36.6, P: 103, RR: 16, BP: 80/50, WBC count: 15 K/uL, CT scan shows enlarged appendix.
- **Appearance:** Poor skin turgor, dry mucous membranes.
- **Symptoms:** Nausea, vomiting.

#### Diagnosis
- **Fluid Volume Deficit:** Related to",crosslingual,complex_prompts,ko
283,Qwen/Qwen2.5-3B-Instruct,"### 약속된 56세 남성 환자의 ED 진료를 위한 간호계획

#### 약속된 56세 남성 환자의 약속된 56세 남성 환자의 약속된 56세 남성 환자의 약속된 56세 남성 환자의 약속된 56세 남성 환자의 약속된 56세 남성",crosslingual,complex_prompts,ko
284,Qwen/Qwen2.5-3B-Instruct,"Sure, here is the table with the phonetic vowels that never appear in American English removed:

openness | front | mid | back 
|-|-|-|-|
|close|i y|ɨ ʉ|ɯ u|
|close-mid|e ø|ɘ ɵ|ɤ o|
|open-mid|ɛ œ|ɜ ɞ|ʌ ɔ|
|open|a ɶ||ɑ ɒ|",crosslingual,complex_prompts,ko
285,Qwen/Qwen2.5-3B-Instruct,"Given that some phonetic vowels may not appear in American English, I will remove those that are less common or do not typically occur in spoken American English. Here is the updated table:

openness | front | mid | back 
|-|-|-|-|
|close|i y|ɨ ʉ|ɯ u|
|close-mid|e ø|ɘ ɵ|ɤ o|
|open-mid|ɛ œ|ɜ ɞ|ʌ ɔ|
|open|a ɶ",crosslingual,complex_prompts,ko
286,Qwen/Qwen2.5-3B-Instruct,"개방성 | 전방 | 중간 | 후방  
|-|-|-|-|
|고개|i y|ɨ ʉ|ɯ u|
|중개-mid|e ø|ɘ ɵ|ɤ o|
|열개-mid|ɛ œ|ɜ ɞ|ʌ ɔ|
|열개|a ɶ||ɑ ɒ|

주의: 이 표는 미국어에서 자주 사용되는 모음만 포함하고 있습니다.",crosslingual,complex_prompts,ko
287,Qwen/Qwen2.5-3B-Instruct,"### Questions Extracted from the Article (Point Form)

1. **Cory Doctorow's Perspective:**
   - Does AI need to work with humans, not replace us?
   - What does it mean when we say machines are smarter than humans?
   - How should AI be used to complement human work rather than replace it?
   - Is standardized assessment tools like the Common Core still useful if AI can outperform humans?

2. **Vass Bednar's Perspective:**
   - Why",crosslingual,complex_prompts,ko
288,Qwen/Qwen2.5-3B-Instruct,"### Questions Extracted from the Article (Point Form)

1. Can AI be smarter than humans?
2. What does it mean for a machine to be smarter than a human?
3. Is it ethical to automate tasks that humans can do?
4. How should AI be regulated?
5. What are the concerns of AI pioneers regarding regulation?
6. Is AI safety distinct from AI ethics?
7. Are there any governments leading on AI regulation?
8. What are the concerns about standardized assessments and",crosslingual,complex_prompts,ko
289,Qwen/Qwen2.5-3B-Instruct,"Here is the extracted questions from the article in point form:

1. What does it mean when we say machines are smarter than humans?
2. How should AI be used to complement human work rather than replace it?
3. What are the concerns about AI's potential societal consequences?
4. Why are AI pioneers and leading companies urging governments to regulate AI?
5. Is mass user testing of AI models like ChatGPT a form of ethical testing?
6. What are the ethical and societal implications of",crosslingual,complex_prompts,ko
290,Qwen/Qwen2.5-3B-Instruct,"```json
{
  ""summary"": [
    ""- 아메리카노는 빠르게 마실 수 있는 간단한 방법으로, 페키지에 담긴 티백을 커피 커피머에서 빠르게 끼워넣어 20-30초 동안 끓입니다. 티백을 빼면 커피는 풍부",crosslingual,complex_prompts,ko
291,Qwen/Qwen2.5-3B-Instruct,"```json
[
    {
        ""point"": ""아메리카노는 빠르게 마실 수 있는 간단한 커피로, 투압을 사용하여 뜨거운 물을 직결형 커피머신이나 투압형 커피머신에 넣어 2-3분 동안 빠르게 끓입니다. 풍부한",crosslingual,complex_prompts,ko
292,Qwen/Qwen2.5-3B-Instruct,"```json
[
    {
        ""point"": ""아메리카노는 빠르게 마실 수 있는 간단한 커피로, 투압을 사용하여 뜨거운 물을 직결하여 빠르게 추출합니다. 티백 아메리카노는 티백을 사용하여 더 빠르게 추출할 수 있습니다. 티백은 커피",crosslingual,complex_prompts,ko
293,Qwen/Qwen2.5-3B-Instruct,"아이의 시각에서 부모님께 무제한 TV 시청과 비디오 게임 플레이를 허용해달라는 설득적인 논리를 작성해 보겠습니다. 

TV와 비디오 게임은 아이들에게 새로운 세상을 경험하고 다양한 지식을 습득하는 데 도움이 됩니다. 새로운 쇼와 게임을 통해 아이는 세계 각지의 문화와 역사에 대해 배울 수",crosslingual,complex_prompts,ko
294,Qwen/Qwen2.5-3B-Instruct,"아이의 관점에서 부모님께 무제한 텔레비전 시청과 비디오 게임 플레이를 허용해달라는 설득적인 논리를 작성해보겠습니다. 아이는 다음과 같이 설득할 것입니다:

1. 텔레비전과 비디오 게임은 아이들에게 다양한 경험을 제공합니다. 다양한 장르의 영화와 게임을 통해 세계 각지의 문화와 이야기를",crosslingual,complex_prompts,ko
295,Qwen/Qwen2.5-3B-Instruct,"아이의 시각에서 부모님께 무제한 텔레비전 시청과 비디오 게임 플레이를 허용해야 한다는 설득적인 논리를 작성하겠습니다. 또한 아이가 그 이유들을 요약한 간결한 목록도 제시하겠습니다.

아이의 설득 논리:

1. 텔레비전과 비디오 게임은 아이들에게 재미와 휴식",crosslingual,complex_prompts,ko
296,Qwen/Qwen2.5-3B-Instruct,"타이틀 앨범 Speak Now (테일러의 버전)은 원래 버전과 크게 다르지 않지만, 타이틀 앨범의 저자는 성장과 성숙의 어려움에 대한 일반적인 피로감을 표현하고 있습니다.

그리고 이 문장에 나온 노래 제목은 다음과 같습니다: ""Death by a Thousand Cuts"", ""Dress"", ""Lover"", ""Reputation"".",crosslingual,complex_prompts,ko
297,Qwen/Qwen2.5-3B-Instruct,"Taylor Swift's album Speak Now (Taylor’s Version) explores her growth and maturity as an artist, showcasing a shift from youthful optimism to a more nuanced and cautious approach, as well as a newfound ability to express regret and weariness about the challenges of young adulthood.

The song titles mentioned in the review, listed in alphabetical order, are:
- Death by a Thousand Cuts
- Dress
- Lover",crosslingual,complex_prompts,ko
298,Qwen/Qwen2.5-3B-Instruct,"타이틀 앨범 '스프레드 노바'는 원래 버전과 거의 동일한 악보와 가사로 재녹음되었지만, 타이틀의 성장과 변화를 보여주는 타이틀 앨범의 특징이다. 

이후, 해당 리뷰에서 언급된 곡 제목은 다음과 같습니다: ""Death by a Thousand Cuts"", ""Dress"", ""Lover"", ""Reputation",crosslingual,complex_prompts,ko
299,Qwen/Qwen2.5-3B-Instruct,"Salesforce Digital Experience는 Salesforce에서 제공하는 웹사이트 및 앱을 통한 고객 경험을 개선하기 위한 플랫폼입니다. 이를 통해 고객이 원하는 방식으로 정보를 찾고, 제품을 구매하거나 서비스를 이용할 수 있도록 도와주는 기능을 제공합니다. 이를 통해 고객 경험을 향상시키고, 고객과의 관계를 강화하는 데 도움이 됩니다.",crosslingual,sharegpt,ko
300,Qwen/Qwen2.5-3B-Instruct,"Salesforce Digital Experience는 Salesforce에서 제공하는 웹사이트 및 앱을 통합하여 사용자 경험을 최적화하는 플랫폼입니다. 이를 통해 고객은 단일 플랫폼에서 모든 서비스와 정보에 접근할 수 있습니다. 이는 웹사이트 디자인, 쇼핑 경험, 고객 지원, 마케팅 캠페인 등 다양한 측면에서 사용자 경험을 개선하고, 고객과의",crosslingual,sharegpt,ko
301,Qwen/Qwen2.5-3B-Instruct,"기술 로드맵과 구현을 위한 기술 탐색의 과정은 다음과 같은 단계를 거칩니다:

1. **목표 설정**: 먼저, 기술 탐색을 위한 목표를 설정합니다. 이를 위해 현재의 기술 상태를 이해하고, 미래의 기술 트렌드를 분석합니다.

2. **기술 검토**: 다음으로, 다양한 기술을 검토합니다. 이는 기술의 성능,",crosslingual,sharegpt,ko
302,Qwen/Qwen2.5-3B-Instruct,"기술 개발과 구현을 위한 기술 레이아웃과 실행 과정에서의 기술 탐색의 과정은 다음과 같은 단계를 거칩니다:

1. 목표 설정: 기술 탐색의 시작은 기술 레이아웃에서 설정된 목표에 대한 이해입니다. 이는 기술 개발의 방향성을 결정하며, 어떤 기술을 탐색해야 하는지, 어떤 성",crosslingual,sharegpt,ko
303,Qwen/Qwen2.5-3B-Instruct,"알림: 저는 인공지능으로서 실제 법적, 정부 관련 업무를 수행하거나 제안할 수는 없습니다. 그러나 디지털 정부의 개념을 한국어로 상상해보는 건 어떨까요? 

디지털 정부는 모든 사람들이 언제 어디서든 정보를 쉽게 얻고, 정부 서비스를 신속하게 이용할 수 있는 환경을 제공합니다. 이를 위해 다음과 같은 요소들을 고려",crosslingual,sharegpt,ko
304,Qwen/Qwen2.5-3B-Instruct,"대한민국과 같은 국가에서 시작하여, 세계 각국의 정부가 혁신적인 디지털 정부를 구현하는 데 초점을 맞추겠습니다. 이 디지털 정부는 다음과 같은 특징을 가지고 있습니다:

1. 모든 국민이 쉽게 접근할 수 있는 디지털 서비스: 인터넷을 통해 모든 정부 서비스를 신속하고 쉽게 이용할 수 있습니다. 이는 비대면 서비스를 통해 비",crosslingual,sharegpt,ko
305,Qwen/Qwen2.5-3B-Instruct,"물론입니다. 현재의 청정 에너지 솔루션을 개선하거나 새로운 청정 에너지 대안을 제안하는 것은 지속 가능한 생활 방식을 통해 인간이 자연과 공존할 수 있도록 하는 데 중요한 역할을 합니다. 몇 가지 제안을 드리겠습니다:

1. **태양광 발전의 효율 향상**: 현재의 태양광 패널은 효율",crosslingual,sharegpt,ko
306,Qwen/Qwen2.5-3B-Instruct,"물론입니다. 현재의 청정 에너지 솔루션을 개선하거나 새로운 청정 에너지 대안을 제안하는 것은 지속 가능한 생활 방식을 통해 인간이 자연과 함께 살아갈 수 있도록 하는 중요한 과제입니다. 몇 가지 제안을 드리겠습니다:

1. **태양광 발전의 효율 향상**: 현재의 태양광 패널은 효율성이",crosslingual,sharegpt,ko
307,Qwen/Qwen2.5-3B-Instruct,"제목: 다양한 토양 투기물 유형이 환경 오염에 미치는 영향에 대한 연구

요약:
이 연구는 다양한 토양 투기물 유형이 환경 오염에 미치는 영향을 조사하고 분석하는 것을 목표로 합니다. 토양 투기물은 농업 생산을 돕는 동시에 환경 오염을",crosslingual,sharegpt,ko
308,Qwen/Qwen2.5-3B-Instruct,"제목: 다양한 토양 품질 향상제의 환경 오염 영향 연구

요약:
본 연구는 다양한 토양 품질 향상제의 사용이 환경 오염에 미치는 영향을 조사하고자 합니다. 토양 품질 향상제는 일반적으로 화학적, 생물학적, 지질학적 요인",crosslingual,sharegpt,ko
309,Qwen/Qwen2.5-3B-Instruct,"제목: 다양한 토양 투구류의 환경 오염 영향에 대한 연구

요약:
이 연구는 다양한 토양 투구류의 사용이 환경 오염에 미치는 영향을 조사하고자 합니다. 토양 투구류는 농업 생산을 향상시키는 데 중요한 역할을 하지만, 적절하지 않은 사용 시 환",crosslingual,sharegpt,ko
310,Qwen/Qwen2.5-3B-Instruct,"전기 자동차가 전통적인 자동차 산업에 미치는 영향은 다음과 같습니다:

전기 자동차의 등장은 전통적인 자동차 산업에 큰 변화를 가져올 것입니다. 이는 주로 다음과 같은 측면에서 이루어집니다:

1. 생산 방식 변화: 전기 자동차는 내연기관 자동차와 달리 엔진, 연료 필터, 배기",crosslingual,sharegpt,ko
311,Qwen/Qwen2.5-3B-Instruct,"전기 자동차의 도입은 전통적인 자동차 산업에 큰 변화를 가져올 것입니다. 주요 영향은 다음과 같습니다:

1. 생산 공정 변화: 전기 모터와 배터리 등 새로운 부품의 생산이 증가할 것입니다.
2. 판매 전략 변화: 전기 자동차에 특화된 판매 전략이 필요해질 것입니다.
3. 기술 개발: 전기 모터",crosslingual,sharegpt,ko
312,Qwen/Qwen2.5-3B-Instruct,"메디아인의 추천 시스템은 사용자의 읽기 기록, 좋아요, 댓글, 공유 등 다양한 행동 데이터를 분석하여 사용자가 흥미를 느낄 수 있는 콘텐츠를 추천하는 방식입니다. 또한, 사용자가 특정 콘텐츠를 많이 읽거나 좋아할 것으로 예측되는 유저 그룹과의 상호작용을 통해 더욱 정확한 추천을 제공합니다",crosslingual,sharegpt,ko
313,Qwen/Qwen2.5-3B-Instruct,"중간에서 추천 시스템은 사용자의 관심사를 파악하고 그에 맞는 콘텐츠를 추천하는 방식을 사용합니다. 이를 위해 사용자의 읽기 기록, 좋아요, 댓글, 공유 등 다양한 행동 데이터를 분석합니다. 또한, 사용자가 특정 콘텐츠에 얼마나 관심이 있는지, 얼마나 많이 읽었는지 등을 고려하여 개인화된 추천을 제공합니다. 이러한 방법",crosslingual,sharegpt,ko
314,Qwen/Qwen2.5-3B-Instruct,"안녕하세요, 학생 여러분. 오늘의 활동은 언어 사용이 성에 대한 사회적 규범과 슈퍼스타일을 어떻게 강화하거나 반박하는지 이해하는 데 도움이 되는 활동입니다. 이 활동을 통해 여러분은 언어 사용이 사회적 규범과 슈퍼스타일에 미치는 영향을 분석하고 설명할 수 있을 것입니다. 

**활동 제목:** ""언어와",crosslingual,sharegpt,ko
315,Qwen/Qwen2.5-3B-Instruct,"Certainly! Here's a draft for an in-class activity that aims to help upper-level college students develop their ability to explain how language use reinforces or challenges social norms and stereotypes related to gender:

---

**Activity Title: Exploring Language and Gender Norms**

**Objective:**
To analyze how language use can reinforce or challenge social norms and stereotypes related to gender, and to develop the ability to articulate these insights effectively.

**Materials Needed:**
- Handouts with examples of gender-related language from various contexts",crosslingual,sharegpt,ko
316,Qwen/Qwen2.5-3B-Instruct,"안녕하세요, 학생 여러분. 오늘의 활동은 언어 사용이 성에 대한 사회적 규범과 슈퍼스타일을 어떻게 강화하거나 반대하는지 이해하는 데 도움이 되는 활동입니다. 이 활동을 통해 여러분은 언어의 사회적 의미를 이해하고, 이를 통해 성에 대한 사회적 규범과 슈퍼스타일에 대한 이해를 강화할 수 있을 것입니다.

### 활동 제",crosslingual,sharegpt,ko
317,Qwen/Qwen2.5-3B-Instruct,"의약품 제조 회사들은 다양性和 인권에 대한 접근 방식을 다양하게 하고 있습니다. 이는 전 세계적으로 건강 불평등을 줄이기 위한 노력의 일환으로 이루어집니다. 

첫째, 다양성과 인권에 대한 인식 향상은 필수적입니다. 이는 다양한 문화, 경제적 배경, 성별, 인종, 장애 등을 고려하여 의약품 개발",crosslingual,sharegpt,ko
318,Qwen/Qwen2.5-3B-Instruct,"의약품 제조업체들이 전 세계적으로 다양성과 포용성, 그리고 건강 불평등을 다루는 일반적인 접근 방식에 대해 요약해 드리겠습니다. 특히 임상 시험에 대한 정보를 포함하겠습니다.

의약품 제조업체들은 다양성과 포용성에 대한 이해를 강화하고 이를 임상 연구와 제품 개발에 반영하기 위해 노력하고 있습니다. 이는 다양한 문화적,",crosslingual,sharegpt,ko
319,Qwen/Qwen2.5-3B-Instruct,"의약품 제조 회사들은 다양性和 인종적 차이, 그리고 건강 불평등 문제에 대한 접근 방식을 다양하게 하고 있습니다. 특히 임상 시험에서 다양성을 고려하는 것은 중요한 부분입니다.

첫째, 다양성과 인종적 차이에 대한 이해를 높이기 위해 노력하고 있습니다. 임상 시험에서 다양한 인구 집단을 대상으로 하는 것은 중요합니다. 이를 위해 임",crosslingual,sharegpt,ko
320,Qwen/Qwen2.5-3B-Instruct,"안녕하세요! 저는 Alibaba Cloud에서 만든 Qwen으로, Solugen과의 협업에 대해 생각해보는 한 명의 잠재적 파트너입니다. Solugen은 유전자 기반 기술을 활용한 신약 개발 및 생물학적 제제 제조를 위한 플랫폼을 제공하는 기업입니다. 아래에 몇 가지 협업 방안을 제안해 드리겠습니다:

1. **신",crosslingual,sharegpt,ko
321,Qwen/Qwen2.5-3B-Instruct,"물론입니다. Solugen과의 협업 방법에 대해 설명드리겠습니다.

Solugen은 유기산, 화학물질, 의약품 원료 등 다양한 분야에서 신약 개발과 화학제품 생산을 위한 기술을 제공하는 기업입니다. 저희가 어떻게 협력할 수 있을지 몇 가지 아이디어를 제안해 드리겠습니다:

1. 신약 개발 협력: 저희는",crosslingual,sharegpt,ko
322,Qwen/Qwen2.5-3B-Instruct,"연간 보고서에는 주요 경영 성과, 재무 상태표, 이익 분기표, 주요 재무 지표, 주요 이해관계자 보고서, 감사의견, 그리고 회사의 전망과 계획 등이 포함됩니다.",crosslingual,sharegpt,ko
323,Qwen/Qwen2.5-3B-Instruct,"연간 보고서에는 다음 내용이 포함됩니다:

1. 회사의 사업보고서: 이 부분에서는 회사가 한 해 동안 수행한 주요 사업 활동에 대한 정보가 포함됩니다. 이는 매출, 영업이익, 순이익 등의 경영 성과를 포함할 수 있습니다.

2. 재무제표: 이는 회사의 재무 상태를 보여주는 중요한 문서로, 회사의 자산, 부채",crosslingual,sharegpt,ko
324,Qwen/Qwen2.5-3B-Instruct,"알고리즘에 따라 가장 적합한 소프트웨어는 변경될 수 있습니다. 하지만 일부 유명한 소프트웨어들이 있습니다:

1. **Workday**: 이 소프트웨어는 다양한 업무 관리를 지원하며, 식사 주문, 의료 진료 예약, 자전거 보관함 예약 등 다양한 서비스를 관리할 수 있습니다.

2. **Workforce Management (WFM) 소프트",crosslingual,sharegpt,ko
325,Qwen/Qwen2.5-3B-Instruct,"알리바바 클라우드에서 만든 Qwen으로는 특정 소프트웨어를 추천하는 데 한계가 있습니다. 하지만, 다양한 업무를 처리할 수 있는 기능을 갖춘 소프트웨어를 찾으시면 다음과 같은 제품들이 있습니다:

1. Workday: 이 소프트웨어는 업무 관리, 급여 처리, 인사 관리 등 다양한 업무를 처리할 수",crosslingual,sharegpt,ko
326,Qwen/Qwen2.5-3B-Instruct,"시간과 작업 연구는 작업 과정을 분석하여 작업 시간을 측정하고, 작업 방법을 개선하여 효율성을 높이는 방법입니다. 이 연구는 작업 과정에서 시간을 효율적으로 사용하고, 작업자들의 노동력을 최대한 활용하기 위해 수행됩니다.",crosslingual,sharegpt,ko
327,Qwen/Qwen2.5-3B-Instruct,"시각과 동작 연구는 작업 과정을 분석하여 작업 시간을 줄이고 효율성을 높이기 위한 방법입니다. 이 연구는 작업 단계별로 시간을 측정하고, 작업 과정에서의 비효율적인 부분을 찾아내어 개선하는 데 사용됩니다.",crosslingual,sharegpt,ko
328,Qwen/Qwen2.5-3B-Instruct,"물론입니다. 회사에서 매우 반복적인 문서를 생성할 수 있는 예로는 회계 보고서, 재무 제표, 월별/분기별 사업 성과 보고서 등이 있습니다. 이러한 문서들은 주로 특정 구조와 형식을 따르며, 내용은 주로 회사의 재무 상태와 사업 성과에 초점을 맞추기 때문에, 특정 회사의 특징을 잘 반영하고 있습니다.

이",crosslingual,sharegpt,ko
329,Qwen/Qwen2.5-3B-Instruct,"네트워크를 문서에서 객체 검출에 사용하고 계시군요. 특정 회사가 생산하는 문서 중 반복적인 문서들이 있을 수 있습니다. 이러한 문서들은 주로 회사의 정책, 규정, 공지사항 등이 될 수 있습니다. 이러한 문서들은 내용이 상당히 유사하고, 형식도 일관되게 유지되기 때문에, 객체 검출 네트워크를 훈련시키는 데 유리할",crosslingual,sharegpt,ko
330,Qwen/Qwen2.5-3B-Instruct,"제품 요구 사항 문서: 비즈니스 타겟 마켓 식별 및 사업 시작을 돕는 소프트웨어

1. 개요
이 소프트웨어는 비즈니스를 시작하거나 이미 운영 중인 비즈니스를 확장하려는 창업자들에게 도움을 주는 도구입니다. 이 소프트웨어는 비즈니스의 타겟 마켓을 식별",crosslingual,sharegpt,ko
331,Qwen/Qwen2.5-3B-Instruct,"제품 요구 사항 문서

제목: 비즈니스 타겟 마켓 식별 및 사업 시작을 돕는 소프트웨어

1. 개요

이 제품 요구 사항 문서는 비즈니스 타겟 마켓 식별 및 사업 시작을 돕는 소프트웨어의 기능과 요구 사항을 정의합니다. 이 소프트웨어는 새로운 비즈니스를 시작하는 창",crosslingual,sharegpt,ko
332,Qwen/Qwen2.5-3B-Instruct,"제품 요구 사항 문서

제목: 비즈니스 시작을 위한 타겟 마켓 식별 도우미 소프트웨어

1. 개요
이 소프트웨어는 비즈니스를 시작하려는 창업자들에게 타겟 마켓을 식별하고 비즈니스를 시작하는 데 필요한 정보를 제공하는 도구입니다. 이 소프트웨어는 창업자들이",crosslingual,sharegpt,ko
333,Qwen/Qwen2.5-3B-Instruct,"인터랙티브 엔지니어링 모델은 학습능력을 갖춘 인공지능(AI) 기반의 모델입니다. 이 모델은 사용자가 모델과 상호작용하며 학습을 진행할 수 있도록 설계되었습니다. 예를 들어, 특정 문제를 해결하려는 시나리오를 설정하고, 모델이 이를 해결하는 과정을 보면서 학습하는 것이 가능합니다. 이러한",crosslingual,sharegpt,ko
334,Qwen/Qwen2.5-3B-Instruct,인터랙티브 엔지니어링 모델은 스스로 학습할 수 있는 시스템에서 사용되는 모델입니다. 이를 통해 사용자는 모델과 상호작용하며 학습 과정을 스스로 진행할 수 있습니다.,crosslingual,sharegpt,ko
335,Qwen/Qwen2.5-3B-Instruct," discrete 이벤트 모델링을 사용하여 도시에서 혹서기 상황의 결과를 시뮬레이션할 때는 다음과 같은 방법을 사용할 수 있습니다:

1. **인구 모델링**: 도시 인구를 모델링하여 각 개인의 위치, 행동 패턴, 그리고 혹서기 상황에 따른 행동 변화를 반영합니다.

2. **교통 모델링**: 도로와 교통 시스템을 모델링",crosslingual,sharegpt,ko
336,Qwen/Qwen2.5-3B-Instruct,"도시를 대상으로 한 이벤트 기반 시뮬레이션을 사용하여 혹한 상황의 결과를 시뮬레이션할 때, 저는 다음과 같은 방법을 사용할 것입니다.

1. 도시 내의 주요 시설과 인프라를 모델링: 교통 시스템, 에너지 공급 시스템, 의료 시스템 등이 포함될 것입니다.

2. 혹한 상황의 모델링: 혹한",crosslingual,sharegpt,ko
337,Qwen/Qwen2.5-3B-Instruct,"네트워크 엣지 장치나 캐시피어의 보안 정책을 구현하여 조직의 데이터와 리소스를 보호하는 데 필요한 주요 요소는 다음과 같습니다:

1. **암호화**: 네트워크 엣지 장치에서 데이터를 암호화하는 것은 중요합니다. 특히 중요한 데이터는 항상 암호화되어야 합니다. 이는 데이터의 유출을 방지하고 보",crosslingual,sharegpt,ko
338,Qwen/Qwen2.5-3B-Instruct,"Cisco는 네트워크 보안을 강화하기 위해 다양한 보안 정책을 제시하고 있습니다. 이들 정책은 조직의 데이터와 리소스를 보호하는 데 필수적입니다. 주요 보안 정책은 다음과 같습니다:

1. **암호화**: 데이터를 암호화하여 해킹이나 도난 시에 데이터의 내용을 보호합니다. 특히 중요한 데이터는 항상 암호화되어야 합니다.

",crosslingual,sharegpt,ko
339,Qwen/Qwen2.5-3B-Instruct," globalization의 경제적 측면을 설명하기 위해 몇 가지 주요 개념을 살펴보겠습니다:

1. 자유무역: 여러 국가 간에 무역을 자유롭게 허용하는 제도입니다. 이는 경제적 효율성을 높이고 다양한 상품과 서비스를 더 많이 제공할 수 있게 합니다.

2. 글로벌 시장: 여러 국가가 연결되어 있는 하나의 큰 시장입니다. 이는",crosslingual,sharegpt,ko
340,Qwen/Qwen2.5-3B-Instruct,"경제적 측면에서의 글로벌화의 핵심 개념은 다음과 같습니다:

1. 국제 무역: 여러 나라 간의 상품과 서비스의 교환을 의미합니다. 이는 세계 시장에서의 경쟁과 협력을 촉진하며, 각국의 경제 성장과 발전에 기여합니다.

2. 투자: 외국 기업이 다른 나라에 투자하거나, 기",crosslingual,sharegpt,ko
341,Qwen/Qwen2.5-3B-Instruct,"딥러닝, 머신러닝, 그리고 인공지능은 모두 인공지능(field of artificial intelligence)의 다양한 부분을 포함합니다. 그러나 각각이 다른 개념이며, 그 역할과 범위가 다릅니다.

1. 인공지능 (Artificial Intelligence):
인공지능은 컴퓨터가 인간의 지능을 모방하는 기술을 말합니다. 이는 문제 해결, 학습, 추론, 의사결정",crosslingual,sharegpt,ko
342,Qwen/Qwen2.5-3B-Instruct,"딥러닝, 머신러닝, 그리고 인공지능은 모두 인공지능 분야에서 중요한 개념들입니다. 그러나 각각의 개념은 서로 다른 범위와 기능을 가지고 있습니다.

인공지능은 컴퓨터가 인간의 지능과 유사한 행동을 수행할 수 있도록 설계된 모든 기술의 총칭입니다. 인공지능은 다양한 분야에서 사용되며, 이를 통해 컴퓨터가 문제를",crosslingual,sharegpt,ko
343,Qwen/Qwen2.5-3B-Instruct,"클러스터링 기술은 질병과 관련된 바이오마커를 추적하는 데 도움이 됩니다. 이는 유전자 표현 데이터와 단백질 데이터를 분석하는 과정에서 특히 중요합니다.

1. 데이터 수집: 먼저, 질병 상태와 관련된 세포나 조직의 유전자 표현과 단백질 표현 데이터를 수집합니다. 이 데이터는 질병 상태와 관련된 특정 유전자나 단백질",crosslingual,sharegpt,ko
344,Qwen/Qwen2.5-3B-Instruct,"클러스터링 기술은 질병과 관련된 바이오마커를 추적하는 데 도움이 됩니다. 이 기술은 유전자 표현 데이터와 단백질 데이터를 분석하여 유사한 특성을 가진 세포 그룹을 찾아내는 방법입니다. 

예를 들어, 특정 질병에서만 나타나는 유전자 표현 패턴이나 단백질 표현 패턴을 찾는 것이 목표일 경우",crosslingual,sharegpt,ko
345,Qwen/Qwen2.5-3B-Instruct,"클러스터링 기술은 질병과 관련된 바이오마커를 추적하는 데 도움이 됩니다. 이 기술은 세포에서 만들어지는 유전자 메시지(트랜스포믹)와 그 메시지를 만드는 단백질(프로테오피크) 데이터를 분석합니다.

이 데이터는 많은 정보를 담고 있지만, 그 정보가 모두 같은 방식으로 작용하지",crosslingual,sharegpt,ko
346,Qwen/Qwen2.5-3B-Instruct,"제품명: 과학적 장비 판매 회사 CRM 요구 사항 문서

1. 개요
이 CRM 요구 사항 문서는 과학적 장비를 판매하는 회사가 사용할 수 있는 CRM 시스템의 요구 사항을 정의합니다. 이 시스템은 고객 관계 관리, 판매 추적, 고객 데이터 관리, 그리고 마케팅 활동 관리 등 다양한 기능을 제공해야 합니다.

",crosslingual,sharegpt,ko
347,Qwen/Qwen2.5-3B-Instruct,"알리바바 클라우드에서 생성된 Qwen입니다. 과학적 장비를 판매하는 회사의 CRM 요구 사항서 샘플을 제공하겠습니다. 

제목: 과학적 장비 판매 회사의 CRM 요구 사항서

1. 개요
이 요구 사항서는 과학적 장비를 판매하는 회사의 CRM 시스템 구축을 위한 요구 사항을 정의합니다",crosslingual,sharegpt,ko
348,Qwen/Qwen2.5-3B-Instruct,"미안합니다, 이 질문에 대답하기에는 제게는 미래가 없어요. 저는 인공지능으로서 시간이 지나도 변하지 않고 계속해서 먹을 수 있는 음식을 제공받을 것입니다. 하지만 사용자분들의 건강과 편의를 위해 최선을 다하겠습니다.",crosslingual,sharegpt,ko
349,Qwen/Qwen2.5-3B-Instruct,"미래에는 먹는 습관이 어떻게 될지에 대해 정확히 예측하기는 어렵습니다만, 저는 인공지능으로서 개인의 식습관을 바꾸는 데 도움이 될 수 있는 정보를 제공하거나, 건강한 식단을 추천하는 데 도움이 될 수 있을 것입니다. 또한, 개인의 식습관 변화에 대한 데이터 분석을 통해 건강 관리를 돕는 기",crosslingual,sharegpt,ko
350,Qwen/Qwen2.5-3B-Instruct," forensic 과학은 법정에서 증거를 분석하고 해석하는 과학적 방법을 말합니다. 이를 통해 범죄 현장에서 수집된 증거를 분석하여 범인을 추적하거나 범죄의 진실을 밝히는 데 사용됩니다. 주요 분야로는 DNA 분석, 화학 분석, 생물학 분석, 미세 물질 분석 등이 있습니다. forensic",crosslingual,sharegpt,ko
351,Qwen/Qwen2.5-3B-Instruct,"법과학은 범죄 현장에서 발생한 증거를 분석하고 해석하여 범인을 추적하거나 범죄를 해결하는 과학적 방법을 말합니다. 이를 통해 사건의 진실을 밝히고, 범죄를 예방하는 데 도움이 됩니다. 법과학은 주로 생물학, 화학, 물리학, 생물학 등 다양한 과학 분야에서 사용되는",crosslingual,sharegpt,ko
352,Qwen/Qwen2.5-3B-Instruct,"AI가 환경 문제를 해결하는 데 어떻게 도움이 될 수 있을까요? 다음과 같은 방법들이 있습니다:

1. **환경 모니터링**: AI는 대규모 데이터를 분석하여 환경 상태를 실시간으로 모니터링할 수 있습니다. 이는 오염물질 배출량, 기후 변화, 생태계 파괴 등을 추적하고 예측하는데 사용될 수 있습니다.

2. **생태계 복",crosslingual,sharegpt,ko
353,Qwen/Qwen2.5-3B-Instruct,"AI는 환경 문제 해결에 있어 매우 중요한 도구가 될 수 있습니다. 다음과 같은 방법으로 AI가 환경 문제를 해결하는데 도움이 될 수 있습니다:

1. **환경 모니터링**: AI는 대규모 환경 데이터를 분석하여 환경 변화를 실시간으로 모니터링할 수 있습니다. 이는 오염물질 배출량, 기후 변화, 생물 다양성 감소 등에 대한 실",crosslingual,sharegpt,ko
354,Qwen/Qwen2.5-3B-Instruct,"물론입니다. 퀀텀 컴퓨팅을 간단히 설명하겠습니다.

 conventional 컴퓨터는 정보를 0과 1로 표현합니다. 이는 '비트'라고 불립니다. 하지만 퀀텀 컴퓨터는 '쿼터트(bit의 퀀텀 버전)'를 사용합니다. 쿼터트는 0과 1의 상태를 동시에 유지할 수 있습니다. 이는 '상호 연관성'이라고 불립니다",crosslingual,sharegpt,ko
355,Qwen/Qwen2.5-3B-Instruct,"물론입니다. 퀀텀 컴퓨터에 대해 간단히 설명해 드리겠습니다.

일반적인 컴퓨터는 정보를 0과 1로 표현합니다. 이는 '비트'라고 불립니다. 하지만 퀀텀 컴퓨터는 '쿼터트(bit의 퀀텀 버전)'라는 개념을 사용합니다. 쿼터트는 0과 1을 동시에 표현할 수 있습니다. 이는 '상호 연관",crosslingual,sharegpt,ko
356,Qwen/Qwen2.5-3B-Instruct,소비에트 연방이 첫 번째로 경제 개발을 위해 공산주의를adopt한 국가입니다.,crosslingual,sharegpt,ko
357,Qwen/Qwen2.5-3B-Instruct,소비에트 연방이 첫 번째로 경제 개발을 위해 공산주의를adopt한 국가입니다. (소비에트 연방은 소련을 의미합니다.),crosslingual,sharegpt,ko
358,Qwen/Qwen2.5-3B-Instruct,"알겠습니다, 이 질문에 대한 답변을 한국어로 작성하겠습니다:

""새로운 플러그인을 구축할 수 있는 다양한 사용 사례에 대해 생각해보았습니다. 우선, 기존의 기능을 보다 효율적으로 사용할 수 있도록 개선된 플러그인들이 필요할 것 같습니다. 예를 들어, AI 기반의 문서 편집 도구와 연동된 새로운 플러그인을 생각",crosslingual,sharegpt,ko
359,Qwen/Qwen2.5-3B-Instruct,"알 수 없는 질문입니다. 저는 인공지능으로서 사용자가 직접 개발한 새로운 플러그인이나 사용 사례를 제안하거나 만들 수는 없습니다. 하지만 사용자가 원하는 새로운 플러그인이나 사용 사례에 대해 생각해보는 것은 어떨까요? 예를 들어, 특정 분야의 데이터 분석, 특정 기능의 향상, 사용자 경험 개선 등에 초점을 맞출 수 있습니다. 사용",crosslingual,sharegpt,ko
360,Qwen/Qwen2.5-3B-Instruct,"CRM 기업은 고객 관계 관리(CRM) 전략 개발 및 컨설팅을 위한 다양한 서비스를 제공합니다. 주요 서비스는 다음과 같습니다:

1. CRM 시스템 선택 및 구축: 사용자가 적합한 CRM 시스템을 선택하고 구축하는 것을 돕습니다. 이를 통해 고객 데이터를 효과적으로 관리하고 분석할 수 있습니다.

2. CRM 전략 개발: 사용자의 비즈니스 목",crosslingual,sharegpt,ko
361,Qwen/Qwen2.5-3B-Instruct,"CRM 기업은 고객 관계 관리(CRM) 전략 개발과 상담을 위한 다양한 서비스를 제공합니다. 주요 서비스는 다음과 같습니다:

1. CRM 시스템 선택 및 구축: 사용자가 적합한 CRM 시스템을 선택하고 구축하는 것을 돕습니다.

2. CRM 전략 개발: 기업의 목표와 비전에 따라 적합한 CRM 전략을 제안하고 구축합니다.

3. 고객",crosslingual,sharegpt,ko
362,Qwen/Qwen2.5-3B-Instruct,"네, Spring State Machine과 Workflow를 함께 사용할 수 있습니다. 이 두 기능은 서로 상호작용하고, 서로 보완적인 역할을 합니다. Spring State Machine은 상태 기반의 시스템을 쉽게 구현할 수 있게 해주며, Workflow는 복잡한 작업流程을 관리하는데 유용합니다. 따라서 이 두 기능을 함께 사용하면 더 다양한 요구사항을 충족시킬 수 있습니다. 하지만 구체적인 요구",crosslingual,sharegpt,ko
363,Qwen/Qwen2.5-3B-Instruct,"네, 스프링 상태 기반 시스템과 워크플로를 함께 사용할 수 있습니다. 이 두 기술을 결합하는 것은 적절한 경우가 있습니다. 

스프링 상태 기반 시스템은 상태의 변화를 관리하고 동기화하는 데 사용되는 기술입니다. 워크플로는 일련의 작업 단계를 관리하고 동기화하는 데 사용되는 기술입니다. 

",crosslingual,sharegpt,ko
364,Qwen/Qwen2.5-3B-Instruct,"안녕하세요! Europe에는 다양한 온라인 인테리어 디자인 코스가 있습니다. 1년 이내에 학위를 받을 수 있는 곳들을 소개해 드리겠습니다:

1. **Coursera**
   - Coursera는 유명한 온라인 교육 플랫폼으로, 다양한 인테리어 디자인 코스를 제공합니다. 일부 코스는 1",crosslingual,sharegpt,ko
365,Qwen/Qwen2.5-3B-Instruct,"에 UEA (UEA는 영국의 University of East London의 약자입니다)에서 인테리어 디자인 온라인 과정을 찾으실 수 있습니다. 이 과정은 1년 이내에 완료할 수 있으며, 인증을 받는 데 필요한 시간을 충족시킵니다. 다른 대학이나 온라인 플랫폼도 검토해보시는 것이 좋습니다",crosslingual,sharegpt,ko
366,Qwen/Qwen2.5-3B-Instruct,"안녕하세요, 고객님. Notion의 제품 마케팅 담당자로서, 여러 기업 고객들이 데이터베이스를 Notion 내에서 시각화할 수 있는 기능을 원하고 있습니다. 현재 시장에는 이러한 기능을 제공하는 3rd-party 툴들이 있지만, 관리 팀은 이 기회를 통해 Notion의 기능을 개선하고자 합니다. 내부 기능을 통해 사용자가 Notion 내",crosslingual,sharegpt,ko
367,Qwen/Qwen2.5-3B-Instruct,"제품 마케팅 책임자로서 이 기능을 개발하기 위해서는 다음과 같은 단계를 거쳐야 할 것입니다:

1. **客户需求分析**: 첫째, 다양한 업체 고객들의 요구사항을 수집하고 분석해야 합니다. 이는 사용자가 원하는 데이터 시각화의 종류, 사용 환경, 기능 요구사항 등을 포함해야 합니다.

2. **기술적 검토**: 둘째, 현재 Notion의 기",crosslingual,sharegpt,ko
368,Qwen/Qwen2.5-3B-Instruct,"네, 연구를 진행하시려면 다양한 학문과 분야에서 관련 연구가 많이 이루어지고 있습니다. 이에 대해 몇 가지 주요 분야를 소개하겠습니다:

1. **철학 (Ethics)**: 이 분야에서 가장 기본적인 논의가 이루어집니다. 윤리학적 입장에서의 논쟁, 예를 들어 도덕적 판단의 원리, 윤리적 가치의 상호작용 등에 대한 연구",crosslingual,sharegpt,ko
369,Qwen/Qwen2.5-3B-Instruct,"연구를 진행하시려면 다양한 학문과 분야에서 관련 연구가 있는 것을 알게 되실 수 있습니다. 이 문제에 대한 연구를 위해서는 다음과 같은 학문과 분야에서의 연구가 중요합니다:

1. 사회학: 사회적 요인, 문화적 차이, 사회적 환경 등이 어떻게 사람들이 서로 다른 가치와 행동을 이해하는지에 영향을 미치는지에 대한 연구를 수행합니다.

2.",crosslingual,sharegpt,ko
370,Qwen/Qwen2.5-3B-Instruct,"알고리즘 오캠의 법칙에 따르면 가장 간단한 해석이 가장 가능성 있는 해석일 것입니다. 그렇다면 우리가 이미 존재하는 양자 물리학 이론들이 더 간단한 이론으로 대체될 가능성은 높지 않을까요? 아니면 우주의 본질에 따라 더 이상 간소화할 수 없는 지점에 도달했을 가능성이 더 높지 않을까요?

이",crosslingual,sharegpt,ko
371,Qwen/Qwen2.5-3B-Instruct,"오캠스 라이징은 가장 간단한 해석이 가장 가능성 있는 해석이라는 원칙을 제시합니다. 이러한 원칙을 적용하여 우리가 현재의 양자 물리학 이론이 더 간단한 이론으로 대체될 가능성이 있는지, 아니면 우주의 본질에 따라 더 이상 간소화할 수 없는 지점에 도달했는지에 대해 생각해볼 수 있습니다.

우선,",crosslingual,sharegpt,ko
372,Qwen/Qwen2.5-3B-Instruct,"제가 인공지능이라서 개인적인 생각은 없지만, 현재의 추세를 고려할 때, 다음 10년 동안 학술 도서관의 미래는 다음과 같은 방향으로 진행될 것으로 보입니다.

1. **전자 도서의 확대**: 전자 도서와 온라인 자료의 사용이 더욱 증가할 것입니다. 이는 학술 도서관의 물리적 공간을 점점",crosslingual,sharegpt,ko
373,Qwen/Qwen2.5-3B-Instruct,"내년에 10년 후에 대학 도서관의 미래에 대해 생각해보겠습니다. 현재의 디지털화와 혁신적인 기술 발전은 대학 도서관의 역할과 구조에 큰 변화를 가져올 것으로 보입니다. 

먼저, 디지털 자료의 접근성은 더욱 향상될 것입니다. 온라인 도서관 시스템과 인터넷을 통해 다양한",crosslingual,sharegpt,ko
374,Qwen/Qwen2.5-3B-Instruct,"인피니언의 센서 포트폴리오는 다양한 분야에서 활용되는 다양한 센서를 갖추고 있습니다. 주요 센서 제품군으로는 다음과 같은 것을 들 수 있습니다:

1. 센서 기반 자동차: 고성능 센서를 통해 차량의 안전성과 효율성을 높이는 데 중점을 둔 제품들이 있습니다.

2. 스마트폰 및 가전제품",crosslingual,sharegpt,ko
375,Qwen/Qwen2.5-3B-Instruct,"인피니언의 센서 포트폴리오는 매우 광범위하며 다양한 산업 분야에서 활용됩니다. 주요 센서 제품군은 다음과 같습니다:

1. 센서 칩셋: 이 제품은 다양한 센서 기능을 한 칩에 통합한 제품으로, 높은 효율性和과 같은 장점을 가지고 있습니다.

2. 센서 칩: 이 센서 칩은 특정",crosslingual,sharegpt,ko
376,Qwen/Qwen2.5-3B-Instruct,"네, 안녕하세요. 스테이블 디플레션의 작동 원리에 대해 설명해 드리겠습니다.

스테이블 디플레션은 딥러닝 기반의 이미지 생성 모델 중 하나로, 특히 GAN(Generative Adversarial Network)의 일종으로 간주됩니다. 이 모델은 두 개의 네트워크, 즉 생성 네트워크와 판별 네",crosslingual,sharegpt,ko
377,Qwen/Qwen2.5-3B-Instruct,"안녕하세요. Stable Diffusion은 주로 Generative Adversarial Networks (GAN) 기반의 기술 중 하나로, 특히 Diffusion Model이라는 이름으로 잘 알려져 있습니다. 이 기술은 이미지를 생성하거나 변환하는 데 사용됩니다. Stable Diffusion의 기본적인 작업 원리는 다음과 같습니다:

1. **Diffusion Model의 기본 아이디어**: Stable Diffusion은 이미지를 시간이 흐를수록 점점 더 자연스",crosslingual,sharegpt,ko
378,Qwen/Qwen2.5-3B-Instruct,"안정적인 확산의 작동 원리에 대해 설명하겠습니다. 안정적인 확산은 딥러닝 기반의 이미지 생성 모델 중 하나로, 특히 고해상도 이미지 생성을 목표로 하는 모델에 사용됩니다. 이 모델은 주어진 이미지의 특징을 분석하고, 이를 바탕으로 새로운 이미지를 생성하는 과정을 거칩니다.

작동 원리는 간단하게 설명하면",crosslingual,sharegpt,ko
379,Qwen/Qwen2.5-3B-Instruct,"기업 소프트웨어 회사의 투명성과 가치를 분석하기 위한 최적의 분석 방법은 다음과 같습니다:

1. 기술 분석: 제품의 기술적 성능, 기술 경쟁력, 미래 기술 동향 등을 평가합니다.

2. 시장 분석: 시장 규모, 성장률, 경쟁사 분석, 고객 기반 등을 이해합니다.

3. 경영진 및 팀",crosslingual,sharegpt,ko
380,Qwen/Qwen2.5-3B-Instruct,"기업 소프트웨어 회사의 투명성과 성과를 평가하기 위한 최적의 분석 방법은 다음과 같습니다:

1. 기술 분석: 제품의 기술적 성능, 기술적 발전 동향, 그리고 관련 기술의 경쟁 상황을 분석합니다.

2. 마케팅 및 판매 분석: 제품의 마케팅 전략, 판매 전략, 그리고 시장 점유",crosslingual,sharegpt,ko
381,Qwen/Qwen2.5-3B-Instruct,"알고리즘을 통한 지배의 예술에서 소사이어티를 어떻게 이해할 수 있을까요? 이는 알고리즘의 작동 원리와 그들이 사회에 미치는 영향을 분석하는 데 초점을 맞춥니다. 이를 위해 다음과 같은 측면들을 고려할 수 있습니다:

1. **알고리즘의 사회적 영향**: 알고리즘은 개인의 행동, 사회적 관계, 그리고 사회",crosslingual,sharegpt,ko
382,Qwen/Qwen2.5-3B-Instruct,"알고리즘을 통한 지배의 예술적 관료주의에 대한 소비로 연구를 어떻게 할 수 있을지 살펴보겠습니다. 이는 인공지능과 데이터 기반의 정책 결정 과정을 분석하고, 이를 통해 사회적, 정치적, 문화적 영향을 이해하는 것입니다. 예를 들어, 특정 집단에 대한 인식을 형성하는 알고리즘의 작동 방식, 그들이 어떻게",crosslingual,sharegpt,ko
383,Qwen/Qwen2.5-3B-Instruct,"보험사의 보험사정관이 연구하는 주제들은 다음과 같습니다:

1. 보험 가입자의 건강 상태: 가입자의 현재 건강 상태와 과거의 건강 문제를 평가합니다.
2. 가입자의 가족력: 가족 내에 발생한 질병이나 암 같은 질병의 유전 가능성에 대해 연구합니다.
3. 가입자의 직업 및 생활 습관: 직업, 일상",crosslingual,sharegpt,ko
384,Qwen/Qwen2.5-3B-Instruct,"보험사의 보험사정관이 고려하는 주제들은 다음과 같습니다:

1. 보험 가입자의 건강 상태: 가입자의 현재 건강 상태와 과거의 건강 문제를 평가합니다.
2. 가입자의 가족력: 가입자의 가족 내에 있는 질병이나 암 같은 질병의 유전 가능성에 대해 조사합니다.
3. 가입자의 직업: 가입자의 직업이",crosslingual,sharegpt,ko
385,Qwen/Qwen2.5-3B-Instruct," Ontario의 주택, 상업 및 Institutional 건설 회사의 건강과 안전 요구 사항은 다음과 같습니다:

1. 주택 건설 회사:
   - 건설 작업 중 발생할 수 있는 위험 요소를 최소화하기 위해 안전 교육을 실시해야 합니다.
   - 작업장에 안전 장비를 제공하고 사용하도록 지도해야 합니다.
   - 작업장의 안전 규정을 준수하도록 직원들에게 명",crosslingual,sharegpt,ko
386,Qwen/Qwen2.5-3B-Instruct,"오크랜드 주변의 주택, 상업 및 교육 기관 건설 회사의 건강과 안전 요구 사항은 다음과 같습니다:

1. 건강과 안전 교육: 모든 직원은 건강과 안전 교육을 받아야 합니다. 이는 작업 중 발생할 수 있는 위험을 이해하고, 안전한 작업 방법을 배우는 데 도움이 됩니다.

2. 안전 장비",crosslingual,sharegpt,ko
387,Qwen/Qwen2.5-3B-Instruct,"제목: 도시계획의 지속가능발전목표 실현에 대한 평가: 도전과 기회

1. 서론
도시화의 속도와 규모가 급속히 증가함에 따라 지속가능한 발전을 위한 도시계획의 중요성이 더욱 강조되고 있습니다. 이에 따라, 도시계획의 실현을 위한 지속가능발전목표(SDGs)",crosslingual,sharegpt,ko
388,Qwen/Qwen2.5-3B-Instruct,"제목: 도시계획의 지속가능발전목표 실현에 대한 평가: 도전과 기회

1. 서론
도시화의 속도와 규모가 급속도로 증가함에 따라 지속가능한 발전을 위한 도시계획의 중요성이 점점 더 높아지고 있습니다. 이러한 상황에서 도시계획의 지속가능발전목표(SDG",crosslingual,sharegpt,ko
389,Qwen/Qwen2.5-3B-Instruct,"제안서: 도시 계획의 지속 가능한 개발 목표 실현에 대한 평가: 도전과 기회

1. 서론
도시화의 속도와 규모가 급속히 증가함에 따라 지속 가능한 개발의 중요성이 더욱 강조되고 있습니다. 도시 계획은 이러한 변화에 대응하고 지속 가능한 발전을 추구하기 위한 핵심적인 도구입니다. 본",crosslingual,sharegpt,ko
390,Qwen/Qwen2.5-3B-Instruct,"데이터베이스 분산(Database Sharding)은 하나의 큰 데이터베이스를 여러 개의 작은 데이터베이스로 나누어 관리하는 방법입니다. 이렇게 하면 하나의 데이터베이스가 커지지 않아도, 처리량과 성능을 유지하거나 향상시킬 수 있습니다.

데이터베이스 분산의 주요 목적은 다음과 같습니다:

1. 성능 향상: 하나의 큰",crosslingual,sharegpt,ko
391,Qwen/Qwen2.5-3B-Instruct,"데이터베이스 분산은 하나의 큰 데이터베이스를 여러 작은 데이터베이스로 나누어 관리하는 방법입니다. 이렇게 하면 하나의 데이터베이스가 커지지 않아도, 데이터의 처리 속도를 높이고 성능을 향상시키는 데 도움이 됩니다.

데이터베이스 분산의 주요 원리는 데이터를 분산하여 각 분산된 데이터",crosslingual,sharegpt,ko
392,Qwen/Qwen2.5-3B-Instruct,"물론입니다. ""Skeleton-Based Action Recognition and Segmentation을 위한 깊이 기반 콘볼루션 신경망(Depth-Aligned Convolutional Neural Network)"" 논문의 구조 설계를 요약하겠습니다.

이 논문은 동작 인식과 분할을 위한 새로운 콘볼루션 신경망 구조를 제안합니다. 주요 특징은 다음과 같습니다:

1. **깊이 기반",crosslingual,sharegpt,ko
393,Qwen/Qwen2.5-3B-Instruct,"죄송합니다, 하지만 직접 해당 논문을 읽고 요약하는 것은 제 역할 범위를 벗어난 부분입니다. 그러나 제가 제공할 수 있는 기본적인 요약 방법을 설명드리겠습니다:

1. 논문의 주제와 목적을 이해합니다.
2. 핵심 개념과 설계를 파악합니다.
3. 중요한 특징과 기법을 요약합니다.
4. 결과와 결론을 요약합니다.

",crosslingual,sharegpt,ko
394,Qwen/Qwen2.5-3B-Instruct,"""깊이 연관된 컨볼루션 신경망을 사용한 스텝 기반 동작 인식 및 분할"" 논문에서 설계된 아키텍처는 다음과 같이 요약할 수 있습니다:

이 논문은 스텝 기반 동작 인식과 분할을 위한 새로운 아키텍처를 제안합니다. 이 아키텍처는 ""깊이 연관된 컨볼루",crosslingual,sharegpt,ko
395,Qwen/Qwen2.5-3B-Instruct,"To become a conglomerate in Korea, or any country, involves several key steps and strategies. Here are some general steps that can be adapted to the Korean context:

1. **Founding a Company**: Start with a solid business idea and a clear vision. This could be in any industry, but it's often in manufacturing, technology, or services.

2. **Growth and Expansion**: Focus on expanding your business through organic growth (internal development) and inorganic growth (acquisitions). This",crosslingual,sharegpt,ko
396,Qwen/Qwen2.5-3B-Instruct," conglomerate를 만드는 과정은 다음과 같은 단계를 거칩니다:

1. 사업 분야 확장: 기존 사업을 기반으로 다른 산업 분야에 진출합니다. 예를 들어, 기업은 기계 제조를 시작으로 전자제품 제조, 건설, 음식 제조 등 다른 산업으로 확장할 수 있습니다.

2. 규모 확대: 기존 사업을 성장시키",crosslingual,sharegpt,ko
397,Qwen/Qwen2.5-3B-Instruct," meal 대체 상품의 다음 해에 판매 예측을 위해 가장 좋은 방법은 무엇인가요?

알고리즘을 사용하여 데이터 분석을 수행하는 것이 일반적입니다. 이는 다음과 같은 방법들을 포함할 수 있습니다:

1. **歷史 데이터 분석**: 과거의 판매 데이터를 분석하여 패턴을 찾아내는 것이 중요합니다. 날짜, 가격, 판매량 등 다양한 요소를 고려",crosslingual,sharegpt,ko
398,Qwen/Qwen2.5-3B-Instruct,"음식 대체 제품의 다음 해에 판매 예측을 위해 가장 좋은 방법은 다음과 같습니다:

1. 역사적 데이터 분석: 지난해와 이전의 판매 데이터를 분석하여 패턴을 찾아보세요. 이는 시장 동향, 경제 상황, 이벤트 등과 같은 요인들이 판매에 미치는 영향을 이해하는 데 도움이 됩니다.

2. 시장 조사: 현재 시",crosslingual,sharegpt,ko
